OTU,Kingdom,Phylum,Class,Order,Family,Genus,Species,Type,p_adj,is_da
GACGAACGCTGGCGGCGCGCCTAACACATGCAAGTCGAACGGAGCTGTTTTCTCTGAAGTTTTCGGATGGAAGAGAGTTCAGCTTAGTGGCGAACGGGTGAGTAACACGTGAGCAACCTGCCTTTCAGTGGGGGACAACATTTGGAAACGAATGCTAATACCGCATAAGACCACAGTGTCGCATGGCACAGGGGTCAAAGGATTTATCCGCTGAAAGATGGGCTCGCGTCCGATTAGCTAGATGGTGAGGTAACGGCCCACCATGGCGACGATCGGTAGCCGGACTGAGAGGTTGAACGGCCACATTGGGACTGAGACACGGCCCAGACTCC,Bacteria,Firmicutes,Clostridia,Oscillospirales,Ruminococcaceae,UBA1819,,Bacteria*Firmicutes*Clostridia*Oscillospirales*Ruminococcaceae*UBA1819*_,0.7866778050338485,False
GATAAACGCTAGCGGCAGGCCTAACACATGCAAGTCGAGGGGCAGCGGAAGAAGTAGCTTGCTACTTCTGCCGGCGACCGGCGCACGGGTGCGTAACGCGTATGCAACCTACCTTTAACAGGGGGATAATCCGAAGAAATTTGGTCTAATACCCCATAATATTTCAGAAGGCATCTTTTGAGGTTGAAAACTCCGGTGGTTAAAGATGGGCATGCGTTGTATTAGCTAGATGGTGAGGTAACGGCTCACCATTGCGATGATACATAGGGGGACTGAGAGGTTTTCCCCCCA,Bacteria,Bacteroidota,Bacteroidia,Bacteroidales,Rikenellaceae,Alistipes,,Bacteria*Bacteroidota*Bacteroidia*Bacteroidales*Rikenellaceae*Alistipes*_,0.7951823068164499,False
GATGAACGCTAGCGACAGGCTTAACACATGCAAGTCGAGGGGCAGCACGATGTAGCAATACATTGGTGGCGACCGGCGCACGGGTGAGTAACGCGTATGCAACCTACCTATCAGAGGGGAATAACCCGGCGAAAGTCGGACTAATACCGCATAAAACAGGGGTTCCACATGGAAATATTTGTTAAAGAATTATCGCTGATAGATGGGCATGCGTTCCATTAGATAGTTGGTGAGGTAACGGCTCACCAAGTCCACGATGGATAGGGGTTCTGAGAGGAAGGTCCCCCCA,Bacteria,Bacteroidota,Bacteroidia,Bacteroidales,Tannerellaceae,,,Bacteria*Bacteroidota*Bacteroidia*Bacteroidales*Tannerellaceae*_*_,0.7866778050338485,False
GATGAACGCTAGCGACAGGCTTAACACATGCAAGTCGAGGGGCAGCATGATTTGTAGCAATACAGATTGATGGCGACCGGCGCACGGGTGAGTAACGCGTATGCAACTTACCTATCAGAGGGGGATAGCCCGGCGAAAGTCGGATTAATACCCCATAAAACAGGGGTCCCGCATGGGAATATTTGTTAAAGATTCATCGCTGATAGATAGGCATGCGTTCCATTAGGCAGTTGGCGGGGTAACGGCCCACCAAACCGACGATGGATAGGGGTTCTGAGAGGAAGGTCCCCCCA,Bacteria,Bacteroidota,Bacteroidia,Bacteroidales,Tannerellaceae,Parabacteroides,,Bacteria*Bacteroidota*Bacteroidia*Bacteroidales*Tannerellaceae*Parabacteroides*_,0.7866778050338485,False
GATGAACGCTAGCGGCAGGCCTAACACATGCAAGTCGAGGGGCAGCACGGTGTAGCAATACACTGGTGGCGACCGGCGCACGGGTGCGTAACGCGTATGCAACCTACCCATAACAGGGGGATAACACTGAGAAATTGGTACTAATACCCCATAACATCAGGACCGGCATCGGTTCTGGTTGAAAACTCCGGTGGTTATGGATGGGCATGCGTTGTATTAGCTGGTTGGTGAGGTAACGGCTCACCAAGGCAACGATACATAGGGGGACTGAGAGGTTAACCCCCCA,Bacteria,Bacteroidota,Bacteroidia,Bacteroidales,Rikenellaceae,Alistipes,shahii,Bacteria*Bacteroidota*Bacteroidia*Bacteroidales*Rikenellaceae*Alistipes*shahii,0.8308526398741832,False
GATGAACGCTAGCGGCAGGCCTAACACATGCAAGTCGAGGGGCAGCACGTTAAAGAGTTTACTCTTTATGGTGGCGACCGGCGGACGGGTGCGTAACGCGTATGCAACCTGCCTGACACAGGGGGATAATCCGAAGAAATTTGGTCTAATACCCCATAATACCGATATAGGCATCTATGTTGGTTGAAAGCTTTGGTGGTGTCAGATGGGCATGCGTTGTATTAGCTAGTTGGTGAGGTAACGGCTCACCAAGGCGACGATACATAGGGGGACTGAGAGGTTAACCCCCCA,Bacteria,Bacteroidota,Bacteroidia,Bacteroidales,Rikenellaceae,Alistipes,inops,Bacteria*Bacteroidota*Bacteroidia*Bacteroidales*Rikenellaceae*Alistipes*inops,0.7866778050338485,False
GATGAACGCTAGCGGCAGGCCTAACACATGCAAGTCGAGGGGCAGCACGTTAAAGAGTTTACTCTTTATGGTGGCGACCGGCGGACGGGTGCGTAACGCGTATGCAACCTGCCTGACACAGGGGGATAATCCGAAGAAATTTGGTCTAATACCCCATAATACCGATATAGGCATCTATGTTGGTTGAAAGCTTTGGTGGTGTCAGATGGGCATGCGTTGTATTAGCTAGTTGGTGAGGTAACGGCTCACCAAGGCGACGATACATAGGGGGACTGAGAGGTTAACCCCCCCA,Bacteria,Bacteroidota,Bacteroidia,Bacteroidales,Rikenellaceae,Alistipes,,Bacteria*Bacteroidota*Bacteroidia*Bacteroidales*Rikenellaceae*Alistipes*_,0.7866778050338485,False
GATGAACGCTAGCGGCAGGCCTAACACATGCAAGTCGAGGGGCATCACGAGGTAGCAATACTTTGGTGGCGACCGGCGCACGGGTGCGTAACGCGTATGTAACCTACCTATAACAGGGGCATAACACTGAGAAATTGGTACTAATTCCCCATAATATTCGGAGAGGCATCTCTCCGGGTTGAAAACTCCGGTGGTTATAGATGGACATGCGTTGTATTAGCTAGTTGGTGAGGTAACGGCTCACCAAGGCAACGATACATAGGGGGACTGAGAGGTTAACCCCCCA,Bacteria,Bacteroidota,Bacteroidia,Bacteroidales,Rikenellaceae,Alistipes,finegoldii,Bacteria*Bacteroidota*Bacteroidia*Bacteroidales*Rikenellaceae*Alistipes*finegoldii,0.9831030983530475,False
GATGAACGCTAGCGGCAGGCCTAACACATGCAAGTCGAGGGGCATCACGAGGTAGCAATACTTTGGTGGCGACCGGCGCACGGGTGCGTAACGCGTATGTAACCTACCTATAACAGGGGCATAACACTGAGAAATTGGTACTAATTCCCCATAATATTCGGAGAGGCATCTCTCCGGGTTGAAAACTCCGGTGGTTATAGATGGACATGCGTTGTATTAGCTAGTTGGTGAGGTAACGGCTCACCAAGGCAACGATACATAGGGGGACTGAGAGGTTAACCCCCCCA,Bacteria,Bacteroidota,Bacteroidia,Bacteroidales,Rikenellaceae,Alistipes,,Bacteria*Bacteroidota*Bacteroidia*Bacteroidales*Rikenellaceae*Alistipes*_,0.7866778050338485,False
GATGAACGCTAGCGGCAGGCCTAACACATGCAAGTCGAGGGGCATCGGGATTGAAGCTTGCTTCAATTGCCGGCGACCGGCGCACGGGTGCGTAACGCGTATGTAACCTACCTATAACAGGGGCATAACACTGAGAAATTGGTACTAATTCCCCATAATATTCGGAGAGGCATCTCTCCGGGTTGAAAACTCCGGTGGTTATAGATGGACATGCGTTGTATTAGCTAGTTGGTGAGGTAACGGCTCACCAAGGCAACGATACATAGGGGGACTGAGAGGTTAACCCCCCA,Bacteria,Bacteroidota,Bacteroidia,Bacteroidales,Rikenellaceae,Alistipes,onderdonkii,Bacteria*Bacteroidota*Bacteroidia*Bacteroidales*Rikenellaceae*Alistipes*onderdonkii,0.8798684436625829,False
GATGAACGCTAGCGGCAGGCTTAACACATGCAAGTCGAGGGGCAGCATAATGGATAGCAATATCTATGGTGGCGACCGGCGCACGGGTGCGTAACGCGTATGCAACCTACCTTTAACAGGGGGATAACACTGAGAAATTGGTACTAATACCCCATAATATCATAGAAGGCATCTTTTATGGTTGAAAATTCCGATGGTTAGAGATGGGCATGCGTTGTATTAGCTAGTTGGTGGGGTAACGGCTCACCAAGGCGACGATACATAGGGGGACTGAGAGGTTAACCCCCCCA,Bacteria,Bacteroidota,Bacteroidia,Bacteroidales,Rikenellaceae,Alistipes,,Bacteria*Bacteroidota*Bacteroidia*Bacteroidales*Rikenellaceae*Alistipes*_,0.7866778050338485,False
GATGAACGCTAGCGGCAGGCTTAACACATGCAAGTCGAGGGGCAGCGGGGAGTAGCAATACTCCGCCGGCGACCGGCGCACGGGTGCGTAACGCGTATGCAACCTACCTTTAACAGGGGCATAACACTGAGAAATTGGTACTAATTCCCCATAACATTCGAGAAGGCATCTTCTTGGGTTAAAAACTCCGGTGGTTAAAGATGGGCATGCGTTGTATTAGCTAGTTGGTGAGGTAACGGCTCACCAAGGCAACGATACATAGGGGGACTGAGAGGTTAACCCCCCA,Bacteria,Bacteroidota,Bacteroidia,Bacteroidales,Rikenellaceae,Alistipes,finegoldii,Bacteria*Bacteroidota*Bacteroidia*Bacteroidales*Rikenellaceae*Alistipes*finegoldii,0.7866778050338485,False
GATGAACGCTAGCTACAGGCTTAACACATGCAAGTCGAGGGGCAGCATGAACTTAGCTTGCTAAGTTTGATGGCGACCGGCGCACGGGTGAGTAACACGTATCCAACCTGCCGATGACTCGGGGATAGCCTTTCGAAAGAAAGATTAATACCCGATGGCATAGTTCTTCCGCATGGTAGAACTATTAAAGAATTTCGGTCATCGATGGGGATGCGTTCCATTAGGTTGTTGGCGGGGTAACGGCCCACCAAGCCTTCGATGGATAGGGGTTCTGAGAGGAAGGTCCCCCA,Bacteria,Bacteroidota,Bacteroidia,Bacteroidales,Bacteroidaceae,Bacteroides,uniformis,Bacteria*Bacteroidota*Bacteroidia*Bacteroidales*Bacteroidaceae*Bacteroides*uniformis,0.9452611288965244,False
GATGAACGCTAGCTACAGGCTTAACACATGCAAGTCGAGGGGCAGCATGAACTTAGCTTGCTAAGTTTGATGGCGACCGGCGCACGGGTGAGTAACACGTATCCAACCTGCCGATGACTCGGGGATAGCCTTTCGAAAGAAAGATTAATACCCGATGGCATAGTTCTTCCGCATGGTGGAACTATTAAAGAATTTCGGTCATCGATGGGGATGCGTTCCATTAGGTTGTTGGCGGGGTAACGGCCCACCAAGCCTTCGATGGATAGGGGTTCTGAGAGGAAGGTCCCCCA,Bacteria,Bacteroidota,Bacteroidia,Bacteroidales,Bacteroidaceae,Bacteroides,uniformis,Bacteria*Bacteroidota*Bacteroidia*Bacteroidales*Bacteroidaceae*Bacteroides*uniformis,0.7866778050338485,False
GATGAACGCTAGCTACAGGCTTAACACATGCAAGTCGAGGGGCAGCATGGTCTTAGCTTGCTAAGGCCGATGGCGACCGGCGCACGGGTGAGTAACGCGTATCCAACCTGCCTTACACTCTTGGACAGCCTTCTGAAAGGGAGATTAATACAAGATGTTATCATGAGTAAGCATTTTCGCATGATTAAAGGTTTACCGGTGTAAGATGGGGATGCGTTCCATTAGATAGTAGGCGGGGTAACGGCCCACCTAGTCTTCGATGGATAGGGGTTCTGAGAGGAAGGTCCCCCCA,Bacteria,Bacteroidota,Bacteroidia,Bacteroidales,Bacteroidaceae,Bacteroides,,Bacteria*Bacteroidota*Bacteroidia*Bacteroidales*Bacteroidaceae*Bacteroides*_,0.7866778050338485,False
GATGAACGCTAGCTACAGGCTTAACACATGCAAGTCGAGGGGCAGCATGGTCTTAGCTTGCTAAGGCTGATGGCGACCGGCGCACGGGTGAGTAACACGTATCCAACCTGCCGTCTACTCTTGGCCAGCCTTCTGAAAGGAAGATTAATCCAGGATGGCATCATGAGTTCACATGTCCGCATGATTAAAGGTATTTTCCGGTAGACGATGGGGATGCGTTCCATTAGATAGTAGGCGGGGTAACGGCCCACCTAGTCAACGATGGATAGGGGTTCTGAGAGGAAGGTCCCCCA,Bacteria,Bacteroidota,Bacteroidia,Bacteroidales,Bacteroidaceae,Bacteroides,dorei,Bacteria*Bacteroidota*Bacteroidia*Bacteroidales*Bacteroidaceae*Bacteroides*dorei,0.7866778050338485,False
GATGAACGCTAGCTACAGGCTTAACACATGCAAGTCGAGGGGCAGCATGGTCTTAGCTTGCTAAGGCTGATGGCGACCGGCGCACGGGTGAGTAACACGTATCCAACCTGCCGTCTACTCTTGGCCAGCCTTCTGAAAGGAAGATTAATCCAGGATGGGATCATGAGTTCACATGTCCGCATGATTAAAGGTATTTTCCGGTAGACGATGGGGATGCGTTCCATTAGATAGTAGGCGGGGTAACGGCCCACCTAGTCAACGATGGATAGGGGTTCTGAGAGGAAGGTCCCCCA,Bacteria,Bacteroidota,Bacteroidia,Bacteroidales,Bacteroidaceae,Bacteroides,dorei,Bacteria*Bacteroidota*Bacteroidia*Bacteroidales*Bacteroidaceae*Bacteroides*dorei,0.7866778050338485,False
GATGAACGCTAGCTACAGGCTTAACACATGCAAGTCGAGGGGCAGCATTTTAGTTTGCTTGCAAACTAAAGATGGCGACCGGCGCACGGGTGAGTAACACGTATCCAACCTGCCGATAACTCGGGGATAGCCTTTCGAAAGAAAGATTAATATCCGATAGTATATTAAAACCGCATGGTTTTACTATTAAAGAATTTCGGTTATCGATGGGGATGCGTTCCATTAGTTTGTTGGCGGGGTAACGGCCCACCAAGACTACGATGGATAGGGGTTCTGAGAGGAAGGTCCCCCCA,Bacteria,Bacteroidota,Bacteroidia,Bacteroidales,Bacteroidaceae,Bacteroides,,Bacteria*Bacteroidota*Bacteroidia*Bacteroidales*Bacteroidaceae*Bacteroides*_,0.7866778050338485,False
GATGAACGCTAGCTACAGGCTTAACACATGCAAGTCGAGGGGCAGCATTTTAGTTTGCTTGCAAACTAAAGATGGCGACCGGCGCACGGGTGAGTAACACGTATCCAACCTGCCGATAACTCTGGGATAGCCTTTCGAAAGAAAGATTAATACCGGATGGCATAGGATTATCGCATGATAATCCTATTAAAGAATTTCGGTTATCGATGGGGATGCGTTCCATTAGGCAGTTGGTGAGGTAACGGCTCACCAAACCTTCGATGGATAGGGGTTCTGAGAGGAAGGTCCCCCA,Bacteria,Bacteroidota,Bacteroidia,Bacteroidales,Bacteroidaceae,Bacteroides,,Bacteria*Bacteroidota*Bacteroidia*Bacteroidales*Bacteroidaceae*Bacteroides*_,0.7866778050338485,False
