OTU,Kingdom,Phylum,Class,Order,Family,Genus,Species,Type,baseMean,log2FoldChange,lfcSE,stat,pvalue,padj,reject,df,is_da
GACGAACGCTGGCGGCGCGCCTAACACATGCAAGTCGAACGGAGCTGTTTTCTCTGAAGTTTTCGGATGGAAGAGAGTTCAGCTTAGTGGCGAACGGGTGAGTAACACGTGAGCAACCTGCCTTTCAGTGGGGGACAACATTTGGAAACGAATGCTAATACCGCATAAGACCACAGTGTCGCATGGCACAGGGGTCAAAGGATTTATCCGCTGAAAGATGGGCTCGCGTCCGATTAGCTAGATGGTGAGGTAACGGCCCACCATGGCGACGATCGGTAGCCGGACTGAGAGGTTGAACGGCCACATTGGGACTGAGACACGGCCCAGACTCC,Bacteria,Firmicutes,Clostridia,Oscillospirales,Ruminococcaceae,UBA1819,,Bacteria*Firmicutes*Clostridia*Oscillospirales*Ruminococcaceae*UBA1819*_,20641.97458021848,-1.3395610901964805,0.7088715506473103,-1.889709199040718,0.06883116654621621,0.346911608039354,0,29,False
GATAAACGCTAGCGGCAGGCCTAACACATGCAAGTCGAGGGGCAGCGGAAGAAGTAGCTTGCTACTTCTGCCGGCGACCGGCGCACGGGTGCGTAACGCGTATGCAACCTACCTTTAACAGGGGGATAATCCGAAGAAATTTGGTCTAATACCCCATAATATTTCAGAAGGCATCTTTTGAGGTTGAAAACTCCGGTGGTTAAAGATGGGCATGCGTTGTATTAGCTAGATGGTGAGGTAACGGCTCACCATTGCGATGATACATAGGGGGACTGAGAGGTTTTCCCCCCA,Bacteria,Bacteroidota,Bacteroidia,Bacteroidales,Rikenellaceae,Alistipes,,Bacteria*Bacteroidota*Bacteroidia*Bacteroidales*Rikenellaceae*Alistipes*_,11582.374694129017,0.059334626911550226,0.6234615959061011,0.0951696580850612,0.9248346494311113,0.9762143521772841,0,29,False
GATGAACGCTAGCGACAGGCTTAACACATGCAAGTCGAGGGGCAGCACGATGTAGCAATACATTGGTGGCGACCGGCGCACGGGTGAGTAACGCGTATGCAACCTACCTATCAGAGGGGAATAACCCGGCGAAAGTCGGACTAATACCGCATAAAACAGGGGTTCCACATGGAAATATTTGTTAAAGAATTATCGCTGATAGATGGGCATGCGTTCCATTAGATAGTTGGTGAGGTAACGGCTCACCAAGTCCACGATGGATAGGGGTTCTGAGAGGAAGGTCCCCCCA,Bacteria,Bacteroidota,Bacteroidia,Bacteroidales,Tannerellaceae,,,Bacteria*Bacteroidota*Bacteroidia*Bacteroidales*Tannerellaceae*_*_,11582.37469412902,0.1060933562115065,0.6712352935676216,0.1580568799468505,0.8755074448444732,0.9762143521772841,0,29,False
GATGAACGCTAGCGACAGGCTTAACACATGCAAGTCGAGGGGCAGCATGATTTGTAGCAATACAGATTGATGGCGACCGGCGCACGGGTGAGTAACGCGTATGCAACTTACCTATCAGAGGGGGATAGCCCGGCGAAAGTCGGATTAATACCCCATAAAACAGGGGTCCCGCATGGGAATATTTGTTAAAGATTCATCGCTGATAGATAGGCATGCGTTCCATTAGGCAGTTGGCGGGGTAACGGCCCACCAAACCGACGATGGATAGGGGTTCTGAGAGGAAGGTCCCCCCA,Bacteria,Bacteroidota,Bacteroidia,Bacteroidales,Tannerellaceae,Parabacteroides,,Bacteria*Bacteroidota*Bacteroidia*Bacteroidales*Tannerellaceae*Parabacteroides*_,39944.01004666411,0.03661873512894487,1.7692209759076927,0.02069766051137719,0.9836285906617497,0.9836285906617497,0,29,False
GATGAACGCTAGCGGCAGGCCTAACACATGCAAGTCGAGGGGCAGCACGGTGTAGCAATACACTGGTGGCGACCGGCGCACGGGTGCGTAACGCGTATGCAACCTACCCATAACAGGGGGATAACACTGAGAAATTGGTACTAATACCCCATAACATCAGGACCGGCATCGGTTCTGGTTGAAAACTCCGGTGGTTATGGATGGGCATGCGTTGTATTAGCTGGTTGGTGAGGTAACGGCTCACCAAGGCAACGATACATAGGGGGACTGAGAGGTTAACCCCCCA,Bacteria,Bacteroidota,Bacteroidia,Bacteroidales,Rikenellaceae,Alistipes,shahii,Bacteria*Bacteroidota*Bacteroidia*Bacteroidales*Rikenellaceae*Alistipes*shahii,11582.374694129014,0.16077790267343273,0.727717973987361,0.22093435701812844,0.8266917286083262,0.9762143521772841,0,29,False
GATGAACGCTAGCGGCAGGCCTAACACATGCAAGTCGAGGGGCAGCACGTTAAAGAGTTTACTCTTTATGGTGGCGACCGGCGGACGGGTGCGTAACGCGTATGCAACCTGCCTGACACAGGGGGATAATCCGAAGAAATTTGGTCTAATACCCCATAATACCGATATAGGCATCTATGTTGGTTGAAAGCTTTGGTGGTGTCAGATGGGCATGCGTTGTATTAGCTAGTTGGTGAGGTAACGGCTCACCAAGGCGACGATACATAGGGGGACTGAGAGGTTAACCCCCCA,Bacteria,Bacteroidota,Bacteroidia,Bacteroidales,Rikenellaceae,Alistipes,inops,Bacteria*Bacteroidota*Bacteroidia*Bacteroidales*Rikenellaceae*Alistipes*inops,21429.193684247504,1.6805901821811058,1.7045344213641853,0.9859526220867301,0.3323115040366791,0.7892398220871129,0,29,False
GATGAACGCTAGCGGCAGGCCTAACACATGCAAGTCGAGGGGCAGCACGTTAAAGAGTTTACTCTTTATGGTGGCGACCGGCGGACGGGTGCGTAACGCGTATGCAACCTGCCTGACACAGGGGGATAATCCGAAGAAATTTGGTCTAATACCCCATAATACCGATATAGGCATCTATGTTGGTTGAAAGCTTTGGTGGTGTCAGATGGGCATGCGTTGTATTAGCTAGTTGGTGAGGTAACGGCTCACCAAGGCGACGATACATAGGGGGACTGAGAGGTTAACCCCCCCA,Bacteria,Bacteroidota,Bacteroidia,Bacteroidales,Rikenellaceae,Alistipes,,Bacteria*Bacteroidota*Bacteroidia*Bacteroidales*Rikenellaceae*Alistipes*_,18361.06531119862,-0.3863019511130534,1.0484020481078975,-0.3684673754789314,0.715201002941515,0.975559340541525,0,29,False
GATGAACGCTAGCGGCAGGCCTAACACATGCAAGTCGAGGGGCATCACGAGGTAGCAATACTTTGGTGGCGACCGGCGCACGGGTGCGTAACGCGTATGTAACCTACCTATAACAGGGGCATAACACTGAGAAATTGGTACTAATTCCCCATAATATTCGGAGAGGCATCTCTCCGGGTTGAAAACTCCGGTGGTTATAGATGGACATGCGTTGTATTAGCTAGTTGGTGAGGTAACGGCTCACCAAGGCAACGATACATAGGGGGACTGAGAGGTTAACCCCCCA,Bacteria,Bacteroidota,Bacteroidia,Bacteroidales,Rikenellaceae,Alistipes,finegoldii,Bacteria*Bacteroidota*Bacteroidia*Bacteroidales*Rikenellaceae*Alistipes*finegoldii,43370.9022753106,-1.7661294718947174,1.3732333137145356,-1.2861102729276317,0.2085786938462179,0.5661421690111629,0,29,False
GATGAACGCTAGCGGCAGGCCTAACACATGCAAGTCGAGGGGCATCACGAGGTAGCAATACTTTGGTGGCGACCGGCGCACGGGTGCGTAACGCGTATGTAACCTACCTATAACAGGGGCATAACACTGAGAAATTGGTACTAATTCCCCATAATATTCGGAGAGGCATCTCTCCGGGTTGAAAACTCCGGTGGTTATAGATGGACATGCGTTGTATTAGCTAGTTGGTGAGGTAACGGCTCACCAAGGCAACGATACATAGGGGGACTGAGAGGTTAACCCCCCCA,Bacteria,Bacteroidota,Bacteroidia,Bacteroidales,Rikenellaceae,Alistipes,,Bacteria*Bacteroidota*Bacteroidia*Bacteroidales*Rikenellaceae*Alistipes*_,585768.7040212036,-3.1362989479383114,2.2534787580809787,-1.3917588247466446,0.1745790928143695,0.5528337939121701,0,29,False
GATGAACGCTAGCGGCAGGCCTAACACATGCAAGTCGAGGGGCATCGGGATTGAAGCTTGCTTCAATTGCCGGCGACCGGCGCACGGGTGCGTAACGCGTATGTAACCTACCTATAACAGGGGCATAACACTGAGAAATTGGTACTAATTCCCCATAATATTCGGAGAGGCATCTCTCCGGGTTGAAAACTCCGGTGGTTATAGATGGACATGCGTTGTATTAGCTAGTTGGTGAGGTAACGGCTCACCAAGGCAACGATACATAGGGGGACTGAGAGGTTAACCCCCCA,Bacteria,Bacteroidota,Bacteroidia,Bacteroidales,Rikenellaceae,Alistipes,onderdonkii,Bacteria*Bacteroidota*Bacteroidia*Bacteroidales*Rikenellaceae*Alistipes*onderdonkii,33582.8910226056,-0.5770504906190479,1.4164127895731562,-0.4074027676585335,0.6867040030965551,0.975559340541525,0,29,False
GATGAACGCTAGCGGCAGGCTTAACACATGCAAGTCGAGGGGCAGCATAATGGATAGCAATATCTATGGTGGCGACCGGCGCACGGGTGCGTAACGCGTATGCAACCTACCTTTAACAGGGGGATAACACTGAGAAATTGGTACTAATACCCCATAATATCATAGAAGGCATCTTTTATGGTTGAAAATTCCGATGGTTAGAGATGGGCATGCGTTGTATTAGCTAGTTGGTGGGGTAACGGCTCACCAAGGCGACGATACATAGGGGGACTGAGAGGTTAACCCCCCCA,Bacteria,Bacteroidota,Bacteroidia,Bacteroidales,Rikenellaceae,Alistipes,,Bacteria*Bacteroidota*Bacteroidia*Bacteroidales*Rikenellaceae*Alistipes*_,70099.22558432794,-2.4422608626054028,1.3509558940839115,-1.8078020705935107,0.08102057032458648,0.346911608039354,0,29,False
GATGAACGCTAGCGGCAGGCTTAACACATGCAAGTCGAGGGGCAGCGGGGAGTAGCAATACTCCGCCGGCGACCGGCGCACGGGTGCGTAACGCGTATGCAACCTACCTTTAACAGGGGCATAACACTGAGAAATTGGTACTAATTCCCCATAACATTCGAGAAGGCATCTTCTTGGGTTAAAAACTCCGGTGGTTAAAGATGGGCATGCGTTGTATTAGCTAGTTGGTGAGGTAACGGCTCACCAAGGCAACGATACATAGGGGGACTGAGAGGTTAACCCCCCA,Bacteria,Bacteroidota,Bacteroidia,Bacteroidales,Rikenellaceae,Alistipes,finegoldii,Bacteria*Bacteroidota*Bacteroidia*Bacteroidales*Rikenellaceae*Alistipes*finegoldii,11582.374694129021,0.27841674098897085,0.8948442329931441,0.3111343077640463,0.7579240926590826,0.975559340541525,0,29,False
GATGAACGCTAGCTACAGGCTTAACACATGCAAGTCGAGGGGCAGCATGAACTTAGCTTGCTAAGTTTGATGGCGACCGGCGCACGGGTGAGTAACACGTATCCAACCTGCCGATGACTCGGGGATAGCCTTTCGAAAGAAAGATTAATACCCGATGGCATAGTTCTTCCGCATGGTAGAACTATTAAAGAATTTCGGTCATCGATGGGGATGCGTTCCATTAGGTTGTTGGCGGGGTAACGGCCCACCAAGCCTTCGATGGATAGGGGTTCTGAGAGGAAGGTCCCCCA,Bacteria,Bacteroidota,Bacteroidia,Bacteroidales,Bacteroidaceae,Bacteroides,uniformis,Bacteria*Bacteroidota*Bacteroidia*Bacteroidales*Bacteroidaceae*Bacteroides*uniformis,22412.89898641182,-0.6739814502580377,1.2572115811334408,-0.5360923017034323,0.5959832305414288,0.975559340541525,0,29,False
GATGAACGCTAGCTACAGGCTTAACACATGCAAGTCGAGGGGCAGCATGAACTTAGCTTGCTAAGTTTGATGGCGACCGGCGCACGGGTGAGTAACACGTATCCAACCTGCCGATGACTCGGGGATAGCCTTTCGAAAGAAAGATTAATACCCGATGGCATAGTTCTTCCGCATGGTGGAACTATTAAAGAATTTCGGTCATCGATGGGGATGCGTTCCATTAGGTTGTTGGCGGGGTAACGGCCCACCAAGCCTTCGATGGATAGGGGTTCTGAGAGGAAGGTCCCCCA,Bacteria,Bacteroidota,Bacteroidia,Bacteroidales,Bacteroidaceae,Bacteroides,uniformis,Bacteria*Bacteroidota*Bacteroidia*Bacteroidales*Bacteroidaceae*Bacteroides*uniformis,11582.37469412902,0.2784167409889715,0.8948442329931441,0.31113430776404705,0.7579240926590821,0.975559340541525,0,29,False
GATGAACGCTAGCTACAGGCTTAACACATGCAAGTCGAGGGGCAGCATGGTCTTAGCTTGCTAAGGCCGATGGCGACCGGCGCACGGGTGAGTAACGCGTATCCAACCTGCCTTACACTCTTGGACAGCCTTCTGAAAGGGAGATTAATACAAGATGTTATCATGAGTAAGCATTTTCGCATGATTAAAGGTTTACCGGTGTAAGATGGGGATGCGTTCCATTAGATAGTAGGCGGGGTAACGGCCCACCTAGTCTTCGATGGATAGGGGTTCTGAGAGGAAGGTCCCCCCA,Bacteria,Bacteroidota,Bacteroidia,Bacteroidales,Bacteroidaceae,Bacteroides,,Bacteria*Bacteroidota*Bacteroidia*Bacteroidales*Bacteroidaceae*Bacteroides*_,11582.374694129021,0.2664847849780937,0.8451660395971279,0.3153046531603673,0.7547881532298367,0.975559340541525,0,29,False
GATGAACGCTAGCTACAGGCTTAACACATGCAAGTCGAGGGGCAGCATGGTCTTAGCTTGCTAAGGCTGATGGCGACCGGCGCACGGGTGAGTAACACGTATCCAACCTGCCGTCTACTCTTGGCCAGCCTTCTGAAAGGAAGATTAATCCAGGATGGCATCATGAGTTCACATGTCCGCATGATTAAAGGTATTTTCCGGTAGACGATGGGGATGCGTTCCATTAGATAGTAGGCGGGGTAACGGCCCACCTAGTCAACGATGGATAGGGGTTCTGAGAGGAAGGTCCCCCA,Bacteria,Bacteroidota,Bacteroidia,Bacteroidales,Bacteroidaceae,Bacteroides,dorei,Bacteria*Bacteroidota*Bacteroidia*Bacteroidales*Bacteroidaceae*Bacteroides*dorei,11582.374694129016,0.2394345543383153,0.8119441497775428,0.29489042368728907,0.7701784267433093,0.975559340541525,0,29,False
GATGAACGCTAGCTACAGGCTTAACACATGCAAGTCGAGGGGCAGCATGGTCTTAGCTTGCTAAGGCTGATGGCGACCGGCGCACGGGTGAGTAACACGTATCCAACCTGCCGTCTACTCTTGGCCAGCCTTCTGAAAGGAAGATTAATCCAGGATGGGATCATGAGTTCACATGTCCGCATGATTAAAGGTATTTTCCGGTAGACGATGGGGATGCGTTCCATTAGATAGTAGGCGGGGTAACGGCCCACCTAGTCAACGATGGATAGGGGTTCTGAGAGGAAGGTCCCCCA,Bacteria,Bacteroidota,Bacteroidia,Bacteroidales,Bacteroidaceae,Bacteroides,dorei,Bacteria*Bacteroidota*Bacteroidia*Bacteroidales*Bacteroidaceae*Bacteroides*dorei,20610.927382336307,-1.337389526755163,0.713184080511084,-1.875237492397137,0.07086207424435324,0.346911608039354,0,29,False
GATGAACGCTAGCTACAGGCTTAACACATGCAAGTCGAGGGGCAGCATTTTAGTTTGCTTGCAAACTAAAGATGGCGACCGGCGCACGGGTGAGTAACACGTATCCAACCTGCCGATAACTCGGGGATAGCCTTTCGAAAGAAAGATTAATATCCGATAGTATATTAAAACCGCATGGTTTTACTATTAAAGAATTTCGGTTATCGATGGGGATGCGTTCCATTAGTTTGTTGGCGGGGTAACGGCCCACCAAGACTACGATGGATAGGGGTTCTGAGAGGAAGGTCCCCCCA,Bacteria,Bacteroidota,Bacteroidia,Bacteroidales,Bacteroidaceae,Bacteroides,,Bacteria*Bacteroidota*Bacteroidia*Bacteroidales*Bacteroidaceae*Bacteroides*_,21476.32100695692,-1.3967269809590808,0.7996839949933614,-1.7465986435938057,0.09129252843140895,0.346911608039354,0,29,False
GATGAACGCTAGCTACAGGCTTAACACATGCAAGTCGAGGGGCAGCATTTTAGTTTGCTTGCAAACTAAAGATGGCGACCGGCGCACGGGTGAGTAACACGTATCCAACCTGCCGATAACTCTGGGATAGCCTTTCGAAAGAAAGATTAATACCGGATGGCATAGGATTATCGCATGATAATCCTATTAAAGAATTTCGGTTATCGATGGGGATGCGTTCCATTAGGCAGTTGGTGAGGTAACGGCTCACCAAACCTTCGATGGATAGGGGTTCTGAGAGGAAGGTCCCCCA,Bacteria,Bacteroidota,Bacteroidia,Bacteroidales,Bacteroidaceae,Bacteroides,,Bacteria*Bacteroidota*Bacteroidia*Bacteroidales*Bacteroidaceae*Bacteroides*_,21225.26323961548,-1.3797625532563744,0.7845788336839026,-1.7586028248784802,0.08919507108443016,0.346911608039354,0,29,False
