"","OTU","Sample","Abundance","sample_type","author","host_disease","host_subtype","Collection","Kingdom","Phylum"
"511","ASV2","SRR2923774",11327,"stool","Ringel","NA","NA","1st","Bacteria","Firmicutes"
"478","ASV2","SRR2923750",10710,"stool","Ringel","NA","NA","1st","Bacteria","Firmicutes"
"490","ASV2","SRR2923751",10167,"stool","Ringel","NA","NA","1st","Bacteria","Firmicutes"
"509","ASV2","SRR2923787",10084,"stool","Ringel","NA","NA","1st","Bacteria","Firmicutes"
"487","ASV2","SRR2923811",9797,"stool","Ringel","NA","NA","1st","Bacteria","Firmicutes"
"517","ASV2","SRR2923363",9503,"stool","Ringel","NA","NA","1st","Bacteria","Firmicutes"
"503","ASV2","SRR2923395",8724,"stool","Ringel","NA","NA","1st","Bacteria","Firmicutes"
"473","ASV2","SRR2923356",8631,"stool","Ringel","NA","NA","1st","Bacteria","Firmicutes"
"489","ASV2","SRR2923768",8626,"stool","Ringel","NA","NA","1st","Bacteria","Firmicutes"
"497","ASV2","SRR2923358",8182,"stool","Ringel","NA","NA","1st","Bacteria","Firmicutes"
"494","ASV2","SRR2923763",7988,"stool","Ringel","NA","NA","1st","Bacteria","Firmicutes"
"466","ASV2","SRR2923749",7909,"stool","Ringel","NA","NA","1st","Bacteria","Firmicutes"
"486","ASV2","SRR2923755",7879,"stool","Ringel","NA","NA","1st","Bacteria","Firmicutes"
"482","ASV2","SRR2923761",7701,"stool","Ringel","NA","NA","1st","Bacteria","Firmicutes"
"506","ASV2","SRR2923806",7221,"stool","Ringel","NA","NA","1st","Bacteria","Firmicutes"
"492","ASV2","SRR2923375",6771,"stool","Ringel","NA","NA","1st","Bacteria","Firmicutes"
"513","ASV2","SRR2923772",6713,"stool","Ringel","NA","NA","1st","Bacteria","Firmicutes"
"519","ASV2","SRR2923366",6696,"stool","Ringel","NA","NA","1st","Bacteria","Firmicutes"
"471","ASV2","SRR2923400",6578,"stool","Ringel","NA","NA","1st","Bacteria","Firmicutes"
"515","ASV2","SRR2923380",6488,"stool","Ringel","NA","NA","1st","Bacteria","Firmicutes"
"508","ASV2","SRR2923803",6484,"stool","Ringel","NA","NA","1st","Bacteria","Firmicutes"
"472","ASV2","SRR2923799",6411,"stool","Ringel","NA","NA","1st","Bacteria","Firmicutes"
"463","ASV2","SRR2923808",6377,"stool","Ringel","NA","NA","1st","Bacteria","Firmicutes"
"510","ASV2","SRR2923387",6359,"stool","Ringel","NA","NA","1st","Bacteria","Firmicutes"
"476","ASV2","SRR2923794",6351,"stool","Ringel","NA","NA","1st","Bacteria","Firmicutes"
"464","ASV2","SRR2923792",6183,"stool","Ringel","NA","NA","1st","Bacteria","Firmicutes"
"521","ASV2","SRR2923789",6068,"stool","Ringel","NA","NA","1st","Bacteria","Firmicutes"
"462","ASV2","SRR2923752",5955,"stool","Ringel","NA","NA","1st","Bacteria","Firmicutes"
"479","ASV2","SRR2923391",5854,"stool","Ringel","NA","NA","1st","Bacteria","Firmicutes"
"452","ASV2","SRR2923353",5848,"stool","Ringel","NA","NA","1st","Bacteria","Firmicutes"
"499","ASV2","SRR2923399",5691,"stool","Ringel","NA","NA","1st","Bacteria","Firmicutes"
"459","ASV2","SRR2923813",5663,"stool","Ringel","NA","NA","1st","Bacteria","Firmicutes"
"454","ASV2","SRR2923350",5544,"stool","Ringel","NA","NA","1st","Bacteria","Firmicutes"
"516","ASV2","SRR2923378",5417,"stool","Ringel","NA","NA","1st","Bacteria","Firmicutes"
"474","ASV2","SRR2923754",5173,"stool","Ringel","NA","NA","1st","Bacteria","Firmicutes"
"488","ASV2","SRR2923796",5076,"stool","Ringel","NA","NA","1st","Bacteria","Firmicutes"
"2","ASV1","SRR2923813",4975,"stool","Ringel","NA","NA","1st","Bacteria","Bacteroidota"
"484","ASV2","SRR2923800",4883,"stool","Ringel","NA","NA","1st","Bacteria","Firmicutes"
"467","ASV2","SRR2923390",4873,"stool","Ringel","NA","NA","1st","Bacteria","Firmicutes"
"480","ASV2","SRR2923373",4865,"stool","Ringel","NA","NA","1st","Bacteria","Firmicutes"
"495","ASV2","SRR2923748",4826,"stool","Ringel","NA","NA","1st","Bacteria","Firmicutes"
"522","ASV2","SRR2923369",4758,"stool","Ringel","NA","NA","1st","Bacteria","Firmicutes"
"23","ASV1","SRR2923373",4717,"stool","Ringel","NA","NA","1st","Bacteria","Bacteroidota"
"507","ASV2","SRR2923805",4698,"stool","Ringel","NA","NA","1st","Bacteria","Firmicutes"
"460","ASV2","SRR2923797",4586,"stool","Ringel","NA","NA","1st","Bacteria","Firmicutes"
"483","ASV2","SRR2923747",4507,"stool","Ringel","NA","NA","1st","Bacteria","Firmicutes"
"470","ASV2","SRR2923759",4470,"stool","Ringel","NA","NA","1st","Bacteria","Firmicutes"
"451","ASV2","SRR2923354",4408,"stool","Ringel","NA","NA","1st","Bacteria","Firmicutes"
"502","ASV2","SRR2923397",4391,"stool","Ringel","NA","NA","1st","Bacteria","Firmicutes"
"500","ASV2","SRR2923382",4319,"stool","Ringel","NA","NA","1st","Bacteria","Firmicutes"
"455","ASV2","SRR2923349",4278,"stool","Ringel","NA","NA","1st","Bacteria","Firmicutes"
"59","ASV1","SRR2923378",4222,"stool","Ringel","NA","NA","1st","Bacteria","Bacteroidota"
"501","ASV2","SRR2923771",4011,"stool","Ringel","NA","NA","1st","Bacteria","Firmicutes"
"514","ASV2","SRR2923398",3995,"stool","Ringel","NA","NA","1st","Bacteria","Firmicutes"
"43","ASV1","SRR2923382",3914,"stool","Ringel","NA","NA","1st","Bacteria","Bacteroidota"
"4","ASV1","SRR2923771",3848,"stool","Ringel","NA","NA","1st","Bacteria","Bacteroidota"
"512","ASV2","SRR2923383",3832,"stool","Ringel","NA","NA","1st","Bacteria","Firmicutes"
"33","ASV1","SRR2923751",3816,"stool","Ringel","NA","NA","1st","Bacteria","Bacteroidota"
"465","ASV2","SRR2923765",3779,"stool","Ringel","NA","NA","1st","Bacteria","Firmicutes"
"523","ASV2","SRR2923365",3776,"stool","Ringel","NA","NA","1st","Bacteria","Firmicutes"
"41","ASV1","SRR2923757",3773,"stool","Ringel","NA","NA","1st","Bacteria","Bacteroidota"
"485","ASV2","SRR2923357",3773,"stool","Ringel","NA","NA","1st","Bacteria","Firmicutes"
"456","ASV2","SRR2923348",3718,"stool","Ringel","NA","NA","1st","Bacteria","Firmicutes"
"25","ASV1","SRR2923349",3654,"stool","Ringel","NA","NA","1st","Bacteria","Bacteroidota"
"505","ASV2","SRR2923362",3627,"stool","Ringel","NA","NA","1st","Bacteria","Firmicutes"
"469","ASV2","SRR2923359",3613,"stool","Ringel","NA","NA","1st","Bacteria","Firmicutes"
"525","ASV2","SRR2923364",3499,"stool","Ringel","NA","NA","1st","Bacteria","Firmicutes"
"10","ASV1","SRR2923390",3464,"stool","Ringel","NA","NA","1st","Bacteria","Bacteroidota"
"491","ASV2","SRR2923393",3314,"stool","Ringel","NA","NA","1st","Bacteria","Firmicutes"
"73","ASV1","SRR2923354",3313,"stool","Ringel","NA","NA","1st","Bacteria","Bacteroidota"
"26","ASV1","SRR2923747",3071,"stool","Ringel","NA","NA","1st","Bacteria","Bacteroidota"
"70","ASV1","SRR2923398",3033,"stool","Ringel","NA","NA","1st","Bacteria","Bacteroidota"
"524","ASV2","SRR2923773",3028,"stool","Ringel","NA","NA","1st","Bacteria","Firmicutes"
"72","ASV1","SRR2923364",2971,"stool","Ringel","NA","NA","1st","Bacteria","Bacteroidota"
"498","ASV2","SRR2923385",2853,"stool","Ringel","NA","NA","1st","Bacteria","Firmicutes"
"457","ASV2","SRR2923327",2804,"stool","Ringel","NA","NA","1st","Bacteria","Firmicutes"
"458","ASV2","SRR2923757",2793,"stool","Ringel","NA","NA","1st","Bacteria","Firmicutes"
"475","ASV2","SRR2923809",2722,"stool","Ringel","NA","NA","1st","Bacteria","Firmicutes"
"468","ASV2","SRR2923371",2720,"stool","Ringel","NA","NA","1st","Bacteria","Firmicutes"
"75","ASV1","SRR2923358",2719,"stool","Ringel","NA","NA","1st","Bacteria","Bacteroidota"
"518","ASV2","SRR2923368",2701,"stool","Ringel","NA","NA","1st","Bacteria","Firmicutes"
"496","ASV2","SRR2923802",2700,"stool","Ringel","NA","NA","1st","Bacteria","Firmicutes"
"27","ASV1","SRR2923800",2657,"stool","Ringel","NA","NA","1st","Bacteria","Bacteroidota"
"453","ASV2","SRR2923351",2607,"stool","Ringel","NA","NA","1st","Bacteria","Firmicutes"
"481","ASV2","SRR2923360",2550,"stool","Ringel","NA","NA","1st","Bacteria","Firmicutes"
"13","ASV1","SRR2923348",2499,"stool","Ringel","NA","NA","1st","Bacteria","Bacteroidota"
"46","ASV1","SRR2923395",2480,"stool","Ringel","NA","NA","1st","Bacteria","Bacteroidota"
"8","ASV1","SRR2923765",2470,"stool","Ringel","NA","NA","1st","Bacteria","Bacteroidota"
"18","ASV1","SRR2923809",2467,"stool","Ringel","NA","NA","1st","Bacteria","Bacteroidota"
"49","ASV1","SRR2923351",2461,"stool","Ringel","NA","NA","1st","Bacteria","Bacteroidota"
"31","ASV1","SRR2923796",2384,"stool","Ringel","NA","NA","1st","Bacteria","Bacteroidota"
"477","ASV2","SRR2923766",2351,"stool","Ringel","NA","NA","1st","Bacteria","Firmicutes"
"56","ASV1","SRR2923366",2297,"stool","Ringel","NA","NA","1st","Bacteria","Bacteroidota"
"520","ASV2","SRR2923791",2288,"stool","Ringel","NA","NA","1st","Bacteria","Firmicutes"
"14","ASV1","SRR2923400",2252,"stool","Ringel","NA","NA","1st","Bacteria","Bacteroidota"
"461","ASV2","SRR2923355",2189,"stool","Ringel","NA","NA","1st","Bacteria","Firmicutes"
"7","ASV1","SRR2923792",2019,"stool","Ringel","NA","NA","1st","Bacteria","Bacteroidota"
"17","ASV1","SRR2923754",2015,"stool","Ringel","NA","NA","1st","Bacteria","Bacteroidota"
"16","ASV1","SRR2923772",2010,"stool","Ringel","NA","NA","1st","Bacteria","Bacteroidota"
"504","ASV2","SRR2923376",2003,"stool","Ringel","NA","NA","1st","Bacteria","Firmicutes"
"44","ASV1","SRR2923365",1975,"stool","Ringel","NA","NA","1st","Bacteria","Bacteroidota"
"493","ASV2","SRR2923361",1781,"stool","Ringel","NA","NA","1st","Bacteria","Firmicutes"
"54","ASV1","SRR2923385",1746,"stool","Ringel","NA","NA","1st","Bacteria","Bacteroidota"
"11","ASV1","SRR2923371",1714,"stool","Ringel","NA","NA","1st","Bacteria","Bacteroidota"
"57","ASV1","SRR2923356",1657,"stool","Ringel","NA","NA","1st","Bacteria","Bacteroidota"
"15","ASV1","SRR2923799",1636,"stool","Ringel","NA","NA","1st","Bacteria","Bacteroidota"
"45","ASV1","SRR2923355",1624,"stool","Ringel","NA","NA","1st","Bacteria","Bacteroidota"
"237","ASV14","SRR2923787",1567,"stool","Ringel","NA","NA","1st","Bacteria","Actinobacteriota"
"69","ASV1","SRR2923357",1556,"stool","Ringel","NA","NA","1st","Bacteria","Bacteroidota"
"295","ASV14","SRR2923399",1476,"stool","Ringel","NA","NA","1st","Bacteria","Actinobacteriota"
"37","ASV1","SRR2923350",1471,"stool","Ringel","NA","NA","1st","Bacteria","Bacteroidota"
"3","ASV1","SRR2923797",1371,"stool","Ringel","NA","NA","1st","Bacteria","Bacteroidota"
"227","ASV14","SRR2923353",1282,"stool","Ringel","NA","NA","1st","Bacteria","Actinobacteriota"
"138","ASV105","SRR2923400",1273,"stool","Ringel","NA","NA","1st","Bacteria","WPS-2"
"245","ASV14","SRR2923808",1265,"stool","Ringel","NA","NA","1st","Bacteria","Actinobacteriota"
"50","ASV1","SRR2923805",1155,"stool","Ringel","NA","NA","1st","Bacteria","Bacteroidota"
"39","ASV1","SRR2923802",1149,"stool","Ringel","NA","NA","1st","Bacteria","Bacteroidota"
"64","ASV1","SRR2923789",1101,"stool","Ringel","NA","NA","1st","Bacteria","Bacteroidota"
"53","ASV1","SRR2923759",1016,"stool","Ringel","NA","NA","1st","Bacteria","Bacteroidota"
"32","ASV1","SRR2923768",987,"stool","Ringel","NA","NA","1st","Bacteria","Bacteroidota"
"248","ASV14","SRR2923749",969,"stool","Ringel","NA","NA","1st","Bacteria","Actinobacteriota"
"65","ASV1","SRR2923761",917,"stool","Ringel","NA","NA","1st","Bacteria","Bacteroidota"
"38","ASV1","SRR2923748",864,"stool","Ringel","NA","NA","1st","Bacteria","Bacteroidota"
"261","ASV14","SRR2923391",857,"stool","Ringel","NA","NA","1st","Bacteria","Actinobacteriota"
"9","ASV1","SRR2923749",846,"stool","Ringel","NA","NA","1st","Bacteria","Bacteroidota"
"51","ASV1","SRR2923803",798,"stool","Ringel","NA","NA","1st","Bacteria","Bacteroidota"
"68","ASV1","SRR2923368",789,"stool","Ringel","NA","NA","1st","Bacteria","Bacteroidota"
"264","ASV14","SRR2923761",693,"stool","Ringel","NA","NA","1st","Bacteria","Actinobacteriota"
"6","ASV1","SRR2923808",672,"stool","Ringel","NA","NA","1st","Bacteria","Bacteroidota"
"24","ASV1","SRR2923360",665,"stool","Ringel","NA","NA","1st","Bacteria","Bacteroidota"
"5","ASV1","SRR2923752",649,"stool","Ringel","NA","NA","1st","Bacteria","Bacteroidota"
"1","ASV1","SRR2923327",633,"stool","Ringel","NA","NA","1st","Bacteria","Bacteroidota"
"642","ASV221","SRR2923382",633,"stool","Ringel","NA","NA","1st","Bacteria","Proteobacteria"
"297","ASV14","SRR2923380",621,"stool","Ringel","NA","NA","1st","Bacteria","Actinobacteriota"
"272","ASV14","SRR2923395",590,"stool","Ringel","NA","NA","1st","Bacteria","Actinobacteriota"
"22","ASV1","SRR2923391",585,"stool","Ringel","NA","NA","1st","Bacteria","Bacteroidota"
"36","ASV1","SRR2923361",516,"stool","Ringel","NA","NA","1st","Bacteria","Bacteroidota"
"28","ASV1","SRR2923773",512,"stool","Ringel","NA","NA","1st","Bacteria","Bacteroidota"
"240","ASV14","SRR2923356",507,"stool","Ringel","NA","NA","1st","Bacteria","Actinobacteriota"
"275","ASV14","SRR2923375",507,"stool","Ringel","NA","NA","1st","Bacteria","Actinobacteriota"
"48","ASV1","SRR2923362",503,"stool","Ringel","NA","NA","1st","Bacteria","Bacteroidota"
"263","ASV14","SRR2923763",499,"stool","Ringel","NA","NA","1st","Bacteria","Actinobacteriota"
"42","ASV1","SRR2923399",483,"stool","Ringel","NA","NA","1st","Bacteria","Bacteroidota"
"40","ASV1","SRR2923774",466,"stool","Ringel","NA","NA","1st","Bacteria","Bacteroidota"
"265","ASV14","SRR2923759",433,"stool","Ringel","NA","NA","1st","Bacteria","Actinobacteriota"
"281","ASV14","SRR2923813",423,"stool","Ringel","NA","NA","1st","Bacteria","Actinobacteriota"
"649","ASV221","SRR2923393",423,"stool","Ringel","NA","NA","1st","Bacteria","Proteobacteria"
"66","ASV1","SRR2923387",411,"stool","Ringel","NA","NA","1st","Bacteria","Bacteroidota"
"666","ASV221","SRR2923757",407,"stool","Ringel","NA","NA","1st","Bacteria","Proteobacteria"
"258","ASV14","SRR2923363",394,"stool","Ringel","NA","NA","1st","Bacteria","Actinobacteriota"
"12","ASV1","SRR2923359",386,"stool","Ringel","NA","NA","1st","Bacteria","Bacteroidota"
"47","ASV1","SRR2923376",374,"stool","Ringel","NA","NA","1st","Bacteria","Bacteroidota"
"278","ASV14","SRR2923369",354,"stool","Ringel","NA","NA","1st","Bacteria","Actinobacteriota"
"300","ASV14","SRR2923387",344,"stool","Ringel","NA","NA","1st","Bacteria","Actinobacteriota"
"291","ASV14","SRR2923748",343,"stool","Ringel","NA","NA","1st","Bacteria","Actinobacteriota"
"21","ASV1","SRR2923750",342,"stool","Ringel","NA","NA","1st","Bacteria","Bacteroidota"
"63","ASV1","SRR2923791",337,"stool","Ringel","NA","NA","1st","Bacteria","Bacteroidota"
"299","ASV14","SRR2923383",319,"stool","Ringel","NA","NA","1st","Bacteria","Actinobacteriota"
"286","ASV14","SRR2923378",301,"stool","Ringel","NA","NA","1st","Bacteria","Actinobacteriota"
"271","ASV14","SRR2923397",273,"stool","Ringel","NA","NA","1st","Bacteria","Actinobacteriota"
"298","ASV14","SRR2923385",251,"stool","Ringel","NA","NA","1st","Bacteria","Actinobacteriota"
"656","ASV221","SRR2923399",249,"stool","Ringel","NA","NA","1st","Bacteria","Proteobacteria"
"236","ASV14","SRR2923789",237,"stool","Ringel","NA","NA","1st","Bacteria","Actinobacteriota"
"269","ASV14","SRR2923811",225,"stool","Ringel","NA","NA","1st","Bacteria","Actinobacteriota"
"244","ASV14","SRR2923752",211,"stool","Ringel","NA","NA","1st","Bacteria","Actinobacteriota"
"296","ASV14","SRR2923803",198,"stool","Ringel","NA","NA","1st","Bacteria","Actinobacteriota"
"246","ASV14","SRR2923362",190,"stool","Ringel","NA","NA","1st","Bacteria","Actinobacteriota"
"35","ASV1","SRR2923375",187,"stool","Ringel","NA","NA","1st","Bacteria","Bacteroidota"
"280","ASV14","SRR2923400",184,"stool","Ringel","NA","NA","1st","Bacteria","Actinobacteriota"
"232","ASV14","SRR2923766",182,"stool","Ringel","NA","NA","1st","Bacteria","Actinobacteriota"
"624","ASV221","SRR2923371",181,"stool","Ringel","NA","NA","1st","Bacteria","Proteobacteria"
"282","ASV14","SRR2923797",178,"stool","Ringel","NA","NA","1st","Bacteria","Actinobacteriota"
"629","ASV221","SRR2923813",176,"stool","Ringel","NA","NA","1st","Bacteria","Proteobacteria"
"252","ASV14","SRR2923774",174,"stool","Ringel","NA","NA","1st","Bacteria","Actinobacteriota"
"257","ASV14","SRR2923809",163,"stool","Ringel","NA","NA","1st","Bacteria","Actinobacteriota"
"614","ASV221","SRR2923366",162,"stool","Ringel","NA","NA","1st","Bacteria","Proteobacteria"
"256","ASV14","SRR2923754",158,"stool","Ringel","NA","NA","1st","Bacteria","Actinobacteriota"
"241","ASV14","SRR2923355",156,"stool","Ringel","NA","NA","1st","Bacteria","Actinobacteriota"
"235","ASV14","SRR2923791",154,"stool","Ringel","NA","NA","1st","Bacteria","Actinobacteriota"
"255","ASV14","SRR2923772",154,"stool","Ringel","NA","NA","1st","Bacteria","Actinobacteriota"
"74","ASV1","SRR2923763",152,"stool","Ringel","NA","NA","1st","Bacteria","Bacteroidota"
"284","ASV14","SRR2923796",152,"stool","Ringel","NA","NA","1st","Bacteria","Actinobacteriota"
"267","ASV14","SRR2923773",151,"stool","Ringel","NA","NA","1st","Bacteria","Actinobacteriota"
"289","ASV14","SRR2923806",148,"stool","Ringel","NA","NA","1st","Bacteria","Actinobacteriota"
"55","ASV1","SRR2923383",142,"stool","Ringel","NA","NA","1st","Bacteria","Bacteroidota"
"658","ASV221","SRR2923398",137,"stool","Ringel","NA","NA","1st","Bacteria","Proteobacteria"
"640","ASV221","SRR2923385",136,"stool","Ringel","NA","NA","1st","Bacteria","Proteobacteria"
"62","ASV1","SRR2923806",133,"stool","Ringel","NA","NA","1st","Bacteria","Bacteroidota"
"606","ASV221","SRR2923808",132,"stool","Ringel","NA","NA","1st","Bacteria","Proteobacteria"
"254","ASV14","SRR2923366",120,"stool","Ringel","NA","NA","1st","Bacteria","Actinobacteriota"
"242","ASV14","SRR2923365",115,"stool","Ringel","NA","NA","1st","Bacteria","Actinobacteriota"
"663","ASV221","SRR2923751",108,"stool","Ringel","NA","NA","1st","Bacteria","Proteobacteria"
"279","ASV14","SRR2923747",96,"stool","Ringel","NA","NA","1st","Bacteria","Actinobacteriota"
"283","ASV14","SRR2923398",95,"stool","Ringel","NA","NA","1st","Bacteria","Actinobacteriota"
"655","ASV221","SRR2923800",95,"stool","Ringel","NA","NA","1st","Bacteria","Proteobacteria"
"841","ASV868","SRR2923358",93,"stool","Ringel","NA","NA","1st","Bacteria","Cyanobacteria"
"243","ASV14","SRR2923771",85,"stool","Ringel","NA","NA","1st","Bacteria","Actinobacteriota"
"52","ASV1","SRR2923787",80,"stool","Ringel","NA","NA","1st","Bacteria","Bacteroidota"
"647","ASV221","SRR2923768",80,"stool","Ringel","NA","NA","1st","Bacteria","Proteobacteria"
"603","ASV221","SRR2923355",79,"stool","Ringel","NA","NA","1st","Bacteria","Proteobacteria"
"664","ASV221","SRR2923390",72,"stool","Ringel","NA","NA","1st","Bacteria","Proteobacteria"
"604","ASV221","SRR2923348",71,"stool","Ringel","NA","NA","1st","Bacteria","Proteobacteria"
"654","ASV221","SRR2923747",71,"stool","Ringel","NA","NA","1st","Bacteria","Proteobacteria"
"633","ASV221","SRR2923796",70,"stool","Ringel","NA","NA","1st","Bacteria","Proteobacteria"
"643","ASV221","SRR2923799",69,"stool","Ringel","NA","NA","1st","Bacteria","Proteobacteria"
"285","ASV14","SRR2923794",65,"stool","Ringel","NA","NA","1st","Bacteria","Actinobacteriota"
"251","ASV14","SRR2923358",63,"stool","Ringel","NA","NA","1st","Bacteria","Actinobacteriota"
"253","ASV14","SRR2923757",63,"stool","Ringel","NA","NA","1st","Bacteria","Actinobacteriota"
"615","ASV221","SRR2923365",63,"stool","Ringel","NA","NA","1st","Bacteria","Proteobacteria"
"653","ASV221","SRR2923789",63,"stool","Ringel","NA","NA","1st","Bacteria","Proteobacteria"
"674","ASV221","SRR2923750",60,"stool","Ringel","NA","NA","1st","Bacteria","Proteobacteria"
"270","ASV14","SRR2923364",58,"stool","Ringel","NA","NA","1st","Bacteria","Actinobacteriota"
"276","ASV14","SRR2923373",58,"stool","Ringel","NA","NA","1st","Bacteria","Actinobacteriota"
"623","ASV221","SRR2923765",57,"stool","Ringel","NA","NA","1st","Bacteria","Proteobacteria"
"226","ASV14","SRR2923351",53,"stool","Ringel","NA","NA","1st","Bacteria","Actinobacteriota"
"607","ASV221","SRR2923350",53,"stool","Ringel","NA","NA","1st","Bacteria","Proteobacteria"
"632","ASV221","SRR2923378",53,"stool","Ringel","NA","NA","1st","Bacteria","Proteobacteria"
"287","ASV14","SRR2923376",50,"stool","Ringel","NA","NA","1st","Bacteria","Actinobacteriota"
"668","ASV221","SRR2923400",50,"stool","Ringel","NA","NA","1st","Bacteria","Proteobacteria"
"67","ASV1","SRR2923369",49,"stool","Ringel","NA","NA","1st","Bacteria","Bacteroidota"
"636","ASV221","SRR2923373",48,"stool","Ringel","NA","NA","1st","Bacteria","Proteobacteria"
"651","ASV221","SRR2923805",48,"stool","Ringel","NA","NA","1st","Bacteria","Proteobacteria"
"605","ASV221","SRR2923809",44,"stool","Ringel","NA","NA","1st","Bacteria","Proteobacteria"
"631","ASV221","SRR2923797",44,"stool","Ringel","NA","NA","1st","Bacteria","Proteobacteria"
"619","ASV221","SRR2923362",43,"stool","Ringel","NA","NA","1st","Bacteria","Proteobacteria"
"29","ASV1","SRR2923755",42,"stool","Ringel","NA","NA","1st","Bacteria","Bacteroidota"
"336","ASV1432","SRR2923754",42,"stool","Ringel","NA","NA","1st","Bacteria","Desulfobacterota"
"231","ASV14","SRR2923768",38,"stool","Ringel","NA","NA","1st","Bacteria","Actinobacteriota"
"247","ASV14","SRR2923750",35,"stool","Ringel","NA","NA","1st","Bacteria","Actinobacteriota"
"268","ASV14","SRR2923755",35,"stool","Ringel","NA","NA","1st","Bacteria","Actinobacteriota"
"620","ASV221","SRR2923376",35,"stool","Ringel","NA","NA","1st","Bacteria","Proteobacteria"
"616","ASV221","SRR2923354",34,"stool","Ringel","NA","NA","1st","Bacteria","Proteobacteria"
"626","ASV221","SRR2923368",28,"stool","Ringel","NA","NA","1st","Bacteria","Proteobacteria"
"58","ASV1","SRR2923397",27,"stool","Ringel","NA","NA","1st","Bacteria","Bacteroidota"
"290","ASV14","SRR2923805",27,"stool","Ringel","NA","NA","1st","Bacteria","Actinobacteriota"
"277","ASV14","SRR2923371",25,"stool","Ringel","NA","NA","1st","Bacteria","Actinobacteriota"
"228","ASV14","SRR2923348",24,"stool","Ringel","NA","NA","1st","Bacteria","Actinobacteriota"
"238","ASV14","SRR2923350",24,"stool","Ringel","NA","NA","1st","Bacteria","Actinobacteriota"
"233","ASV14","SRR2923765",23,"stool","Ringel","NA","NA","1st","Bacteria","Actinobacteriota"
"602","ASV221","SRR2923351",23,"stool","Ringel","NA","NA","1st","Bacteria","Proteobacteria"
"637","ASV221","SRR2923806",23,"stool","Ringel","NA","NA","1st","Bacteria","Proteobacteria"
"673","ASV221","SRR2923759",23,"stool","Ringel","NA","NA","1st","Bacteria","Proteobacteria"
"274","ASV14","SRR2923361",22,"stool","Ringel","NA","NA","1st","Bacteria","Actinobacteriota"
"344","ASV1432","SRR2923761",22,"stool","Ringel","NA","NA","1st","Bacteria","Desulfobacterota"
"422","ASV1913","SRR2923351",21,"stool","Ringel","NA","NA","1st","Bacteria","Fusobacteriota"
"234","ASV14","SRR2923354",20,"stool","Ringel","NA","NA","1st","Bacteria","Actinobacteriota"
"259","ASV14","SRR2923751",20,"stool","Ringel","NA","NA","1st","Bacteria","Actinobacteriota"
"273","ASV14","SRR2923792",20,"stool","Ringel","NA","NA","1st","Bacteria","Actinobacteriota"
"288","ASV14","SRR2923802",20,"stool","Ringel","NA","NA","1st","Bacteria","Actinobacteriota"
"338","ASV1432","SRR2923771",20,"stool","Ringel","NA","NA","1st","Bacteria","Desulfobacterota"
"345","ASV1432","SRR2923358",19,"stool","Ringel","NA","NA","1st","Bacteria","Desulfobacterota"
"613","ASV221","SRR2923356",19,"stool","Ringel","NA","NA","1st","Bacteria","Proteobacteria"
"293","ASV14","SRR2923800",18,"stool","Ringel","NA","NA","1st","Bacteria","Actinobacteriota"
"71","ASV1","SRR2923380",17,"stool","Ringel","NA","NA","1st","Bacteria","Bacteroidota"
"368","ASV1432","SRR2923805",17,"stool","Ringel","NA","NA","1st","Bacteria","Desulfobacterota"
"572","ASV2060","SRR2923773",17,"stool","Ringel","NA","NA","1st","Bacteria","Synergistota"
"646","ASV221","SRR2923771",17,"stool","Ringel","NA","NA","1st","Bacteria","Proteobacteria"
"353","ASV1432","SRR2923375",16,"stool","Ringel","NA","NA","1st","Bacteria","Desulfobacterota"
"262","ASV14","SRR2923360",15,"stool","Ringel","NA","NA","1st","Bacteria","Actinobacteriota"
"672","ASV221","SRR2923754",15,"stool","Ringel","NA","NA","1st","Bacteria","Proteobacteria"
"645","ASV221","SRR2923772",14,"stool","Ringel","NA","NA","1st","Bacteria","Proteobacteria"
"575","ASV2060","SRR2923797",13,"stool","Ringel","NA","NA","1st","Bacteria","Synergistota"
"156","ASV1229","SRR2923376",12,"stool","Ringel","NA","NA","1st","Bacteria","Verrucomicrobiota"
"622","ASV221","SRR2923792",12,"stool","Ringel","NA","NA","1st","Bacteria","Proteobacteria"
"657","ASV221","SRR2923773",12,"stool","Ringel","NA","NA","1st","Bacteria","Proteobacteria"
"250","ASV14","SRR2923359",11,"stool","Ringel","NA","NA","1st","Bacteria","Actinobacteriota"
"334","ASV1432","SRR2923757",11,"stool","Ringel","NA","NA","1st","Bacteria","Desulfobacterota"
"374","ASV1432","SRR2923806",11,"stool","Ringel","NA","NA","1st","Bacteria","Desulfobacterota"
"611","ASV221","SRR2923358",11,"stool","Ringel","NA","NA","1st","Bacteria","Proteobacteria"
"34","ASV1","SRR2923393",10,"stool","Ringel","NA","NA","1st","Bacteria","Bacteroidota"
"194","ASV1229","SRR2923754",10,"stool","Ringel","NA","NA","1st","Bacteria","Verrucomicrobiota"
"359","ASV1432","SRR2923348",10,"stool","Ringel","NA","NA","1st","Bacteria","Desulfobacterota"
"554","ASV2060","SRR2923748",10,"stool","Ringel","NA","NA","1st","Bacteria","Synergistota"
"662","ASV221","SRR2923748",10,"stool","Ringel","NA","NA","1st","Bacteria","Proteobacteria"
"155","ASV1229","SRR2923362",9,"stool","Ringel","NA","NA","1st","Bacteria","Verrucomicrobiota"
"214","ASV1229","SRR2923763",9,"stool","Ringel","NA","NA","1st","Bacteria","Verrucomicrobiota"
"292","ASV14","SRR2923382",9,"stool","Ringel","NA","NA","1st","Bacteria","Actinobacteriota"
"609","ASV221","SRR2923360",9,"stool","Ringel","NA","NA","1st","Bacteria","Proteobacteria"
"207","ASV1229","SRR2923773",8,"stool","Ringel","NA","NA","1st","Bacteria","Verrucomicrobiota"
"316","ASV1432","SRR2923748",7,"stool","Ringel","NA","NA","1st","Bacteria","Desulfobacterota"
"601","ASV221","SRR2923327",7,"stool","Ringel","NA","NA","1st","Bacteria","Proteobacteria"
"60","ASV1","SRR2923363",6,"stool","Ringel","NA","NA","1st","Bacteria","Bacteroidota"
"203","ASV1229","SRR2923789",6,"stool","Ringel","NA","NA","1st","Bacteria","Verrucomicrobiota"
"224","ASV1229","SRR2923765",6,"stool","Ringel","NA","NA","1st","Bacteria","Verrucomicrobiota"
"266","ASV14","SRR2923368",6,"stool","Ringel","NA","NA","1st","Bacteria","Actinobacteriota"
"294","ASV14","SRR2923799",6,"stool","Ringel","NA","NA","1st","Bacteria","Actinobacteriota"
"665","ASV221","SRR2923791",6,"stool","Ringel","NA","NA","1st","Bacteria","Proteobacteria"
"670","ASV221","SRR2923749",6,"stool","Ringel","NA","NA","1st","Bacteria","Proteobacteria"
"883","ASV868","SRR2923806",6,"stool","Ringel","NA","NA","1st","Bacteria","Cyanobacteria"
"190","ASV1229","SRR2923759",5,"stool","Ringel","NA","NA","1st","Bacteria","Verrucomicrobiota"
"211","ASV1229","SRR2923768",5,"stool","Ringel","NA","NA","1st","Bacteria","Verrucomicrobiota"
"610","ASV221","SRR2923359",5,"stool","Ringel","NA","NA","1st","Bacteria","Proteobacteria"
"634","ASV221","SRR2923794",5,"stool","Ringel","NA","NA","1st","Bacteria","Proteobacteria"
"726","ASV2748","SRR2923349",5,"stool","Ringel","NA","NA","1st","Bacteria","Campilobacterota"
"844","ASV868","SRR2923366",5,"stool","Ringel","NA","NA","1st","Bacteria","Cyanobacteria"
"169","ASV1229","SRR2923375",4,"stool","Ringel","NA","NA","1st","Bacteria","Verrucomicrobiota"
"364","ASV1432","SRR2923809",4,"stool","Ringel","NA","NA","1st","Bacteria","Desulfobacterota"
"628","ASV221","SRR2923383",4,"stool","Ringel","NA","NA","1st","Bacteria","Proteobacteria"
"660","ASV221","SRR2923395",4,"stool","Ringel","NA","NA","1st","Bacteria","Proteobacteria"
"671","ASV221","SRR2923755",4,"stool","Ringel","NA","NA","1st","Bacteria","Proteobacteria"
"639","ASV221","SRR2923803",3,"stool","Ringel","NA","NA","1st","Bacteria","Proteobacteria"
"675","ASV221","SRR2923761",3,"stool","Ringel","NA","NA","1st","Bacteria","Proteobacteria"
"216","ASV1229","SRR2923806",2,"stool","Ringel","NA","NA","1st","Bacteria","Verrucomicrobiota"
"221","ASV1229","SRR2923799",2,"stool","Ringel","NA","NA","1st","Bacteria","Verrucomicrobiota"
"239","ASV14","SRR2923357",2,"stool","Ringel","NA","NA","1st","Bacteria","Actinobacteriota"
"805","ASV3144","SRR2923391",2,"stool","Ringel","NA","NA","1st","Bacteria","Patescibacteria"
"19","ASV1","SRR2923794",0,"stool","Ringel","NA","NA","1st","Bacteria","Bacteroidota"
"20","ASV1","SRR2923766",0,"stool","Ringel","NA","NA","1st","Bacteria","Bacteroidota"
"30","ASV1","SRR2923811",0,"stool","Ringel","NA","NA","1st","Bacteria","Bacteroidota"
"61","ASV1","SRR2923353",0,"stool","Ringel","NA","NA","1st","Bacteria","Bacteroidota"
"76","ASV105","SRR2923354",0,"stool","Ringel","NA","NA","1st","Bacteria","WPS-2"
"77","ASV105","SRR2923792",0,"stool","Ringel","NA","NA","1st","Bacteria","WPS-2"
"78","ASV105","SRR2923351",0,"stool","Ringel","NA","NA","1st","Bacteria","WPS-2"
"79","ASV105","SRR2923350",0,"stool","Ringel","NA","NA","1st","Bacteria","WPS-2"
"80","ASV105","SRR2923327",0,"stool","Ringel","NA","NA","1st","Bacteria","WPS-2"
"81","ASV105","SRR2923349",0,"stool","Ringel","NA","NA","1st","Bacteria","WPS-2"
"82","ASV105","SRR2923348",0,"stool","Ringel","NA","NA","1st","Bacteria","WPS-2"
"83","ASV105","SRR2923362",0,"stool","Ringel","NA","NA","1st","Bacteria","WPS-2"
"84","ASV105","SRR2923355",0,"stool","Ringel","NA","NA","1st","Bacteria","WPS-2"
"85","ASV105","SRR2923797",0,"stool","Ringel","NA","NA","1st","Bacteria","WPS-2"
"86","ASV105","SRR2923353",0,"stool","Ringel","NA","NA","1st","Bacteria","WPS-2"
"87","ASV105","SRR2923363",0,"stool","Ringel","NA","NA","1st","Bacteria","WPS-2"
"88","ASV105","SRR2923794",0,"stool","Ringel","NA","NA","1st","Bacteria","WPS-2"
"89","ASV105","SRR2923766",0,"stool","Ringel","NA","NA","1st","Bacteria","WPS-2"
"90","ASV105","SRR2923765",0,"stool","Ringel","NA","NA","1st","Bacteria","WPS-2"
"91","ASV105","SRR2923360",0,"stool","Ringel","NA","NA","1st","Bacteria","WPS-2"
"92","ASV105","SRR2923359",0,"stool","Ringel","NA","NA","1st","Bacteria","WPS-2"
"93","ASV105","SRR2923803",0,"stool","Ringel","NA","NA","1st","Bacteria","WPS-2"
"94","ASV105","SRR2923802",0,"stool","Ringel","NA","NA","1st","Bacteria","WPS-2"
"95","ASV105","SRR2923357",0,"stool","Ringel","NA","NA","1st","Bacteria","WPS-2"
"96","ASV105","SRR2923356",0,"stool","Ringel","NA","NA","1st","Bacteria","WPS-2"
"97","ASV105","SRR2923799",0,"stool","Ringel","NA","NA","1st","Bacteria","WPS-2"
"98","ASV105","SRR2923365",0,"stool","Ringel","NA","NA","1st","Bacteria","WPS-2"
"99","ASV105","SRR2923364",0,"stool","Ringel","NA","NA","1st","Bacteria","WPS-2"
"100","ASV105","SRR2923796",0,"stool","Ringel","NA","NA","1st","Bacteria","WPS-2"
"101","ASV105","SRR2923768",0,"stool","Ringel","NA","NA","1st","Bacteria","WPS-2"
"102","ASV105","SRR2923376",0,"stool","Ringel","NA","NA","1st","Bacteria","WPS-2"
"103","ASV105","SRR2923361",0,"stool","Ringel","NA","NA","1st","Bacteria","WPS-2"
"104","ASV105","SRR2923806",0,"stool","Ringel","NA","NA","1st","Bacteria","WPS-2"
"105","ASV105","SRR2923805",0,"stool","Ringel","NA","NA","1st","Bacteria","WPS-2"
"106","ASV105","SRR2923371",0,"stool","Ringel","NA","NA","1st","Bacteria","WPS-2"
"107","ASV105","SRR2923358",0,"stool","Ringel","NA","NA","1st","Bacteria","WPS-2"
"108","ASV105","SRR2923787",0,"stool","Ringel","NA","NA","1st","Bacteria","WPS-2"
"109","ASV105","SRR2923800",0,"stool","Ringel","NA","NA","1st","Bacteria","WPS-2"
"110","ASV105","SRR2923366",0,"stool","Ringel","NA","NA","1st","Bacteria","WPS-2"
"111","ASV105","SRR2923773",0,"stool","Ringel","NA","NA","1st","Bacteria","WPS-2"
"112","ASV105","SRR2923772",0,"stool","Ringel","NA","NA","1st","Bacteria","WPS-2"
"113","ASV105","SRR2923771",0,"stool","Ringel","NA","NA","1st","Bacteria","WPS-2"
"114","ASV105","SRR2923378",0,"stool","Ringel","NA","NA","1st","Bacteria","WPS-2"
"115","ASV105","SRR2923752",0,"stool","Ringel","NA","NA","1st","Bacteria","WPS-2"
"116","ASV105","SRR2923808",0,"stool","Ringel","NA","NA","1st","Bacteria","WPS-2"
"117","ASV105","SRR2923375",0,"stool","Ringel","NA","NA","1st","Bacteria","WPS-2"
"118","ASV105","SRR2923373",0,"stool","Ringel","NA","NA","1st","Bacteria","WPS-2"
"119","ASV105","SRR2923791",0,"stool","Ringel","NA","NA","1st","Bacteria","WPS-2"
"120","ASV105","SRR2923789",0,"stool","Ringel","NA","NA","1st","Bacteria","WPS-2"
"121","ASV105","SRR2923369",0,"stool","Ringel","NA","NA","1st","Bacteria","WPS-2"
"122","ASV105","SRR2923368",0,"stool","Ringel","NA","NA","1st","Bacteria","WPS-2"
"123","ASV105","SRR2923774",0,"stool","Ringel","NA","NA","1st","Bacteria","WPS-2"
"124","ASV105","SRR2923757",0,"stool","Ringel","NA","NA","1st","Bacteria","WPS-2"
"125","ASV105","SRR2923382",0,"stool","Ringel","NA","NA","1st","Bacteria","WPS-2"
"126","ASV105","SRR2923380",0,"stool","Ringel","NA","NA","1st","Bacteria","WPS-2"
"127","ASV105","SRR2923754",0,"stool","Ringel","NA","NA","1st","Bacteria","WPS-2"
"128","ASV105","SRR2923809",0,"stool","Ringel","NA","NA","1st","Bacteria","WPS-2"
"129","ASV105","SRR2923397",0,"stool","Ringel","NA","NA","1st","Bacteria","WPS-2"
"130","ASV105","SRR2923751",0,"stool","Ringel","NA","NA","1st","Bacteria","WPS-2"
"131","ASV105","SRR2923750",0,"stool","Ringel","NA","NA","1st","Bacteria","WPS-2"
"132","ASV105","SRR2923749",0,"stool","Ringel","NA","NA","1st","Bacteria","WPS-2"
"133","ASV105","SRR2923390",0,"stool","Ringel","NA","NA","1st","Bacteria","WPS-2"
"134","ASV105","SRR2923763",0,"stool","Ringel","NA","NA","1st","Bacteria","WPS-2"
"135","ASV105","SRR2923761",0,"stool","Ringel","NA","NA","1st","Bacteria","WPS-2"
"136","ASV105","SRR2923759",0,"stool","Ringel","NA","NA","1st","Bacteria","WPS-2"
"137","ASV105","SRR2923383",0,"stool","Ringel","NA","NA","1st","Bacteria","WPS-2"
"139","ASV105","SRR2923755",0,"stool","Ringel","NA","NA","1st","Bacteria","WPS-2"
"140","ASV105","SRR2923811",0,"stool","Ringel","NA","NA","1st","Bacteria","WPS-2"
"141","ASV105","SRR2923398",0,"stool","Ringel","NA","NA","1st","Bacteria","WPS-2"
"142","ASV105","SRR2923747",0,"stool","Ringel","NA","NA","1st","Bacteria","WPS-2"
"143","ASV105","SRR2923395",0,"stool","Ringel","NA","NA","1st","Bacteria","WPS-2"
"144","ASV105","SRR2923393",0,"stool","Ringel","NA","NA","1st","Bacteria","WPS-2"
"145","ASV105","SRR2923391",0,"stool","Ringel","NA","NA","1st","Bacteria","WPS-2"
"146","ASV105","SRR2923748",0,"stool","Ringel","NA","NA","1st","Bacteria","WPS-2"
"147","ASV105","SRR2923387",0,"stool","Ringel","NA","NA","1st","Bacteria","WPS-2"
"148","ASV105","SRR2923385",0,"stool","Ringel","NA","NA","1st","Bacteria","WPS-2"
"149","ASV105","SRR2923813",0,"stool","Ringel","NA","NA","1st","Bacteria","WPS-2"
"150","ASV105","SRR2923399",0,"stool","Ringel","NA","NA","1st","Bacteria","WPS-2"
"151","ASV1229","SRR2923371",0,"stool","Ringel","NA","NA","1st","Bacteria","Verrucomicrobiota"
"152","ASV1229","SRR2923369",0,"stool","Ringel","NA","NA","1st","Bacteria","Verrucomicrobiota"
"153","ASV1229","SRR2923365",0,"stool","Ringel","NA","NA","1st","Bacteria","Verrucomicrobiota"
"154","ASV1229","SRR2923382",0,"stool","Ringel","NA","NA","1st","Bacteria","Verrucomicrobiota"
"157","ASV1229","SRR2923373",0,"stool","Ringel","NA","NA","1st","Bacteria","Verrucomicrobiota"
"158","ASV1229","SRR2923360",0,"stool","Ringel","NA","NA","1st","Bacteria","Verrucomicrobiota"
"159","ASV1229","SRR2923359",0,"stool","Ringel","NA","NA","1st","Bacteria","Verrucomicrobiota"
"160","ASV1229","SRR2923368",0,"stool","Ringel","NA","NA","1st","Bacteria","Verrucomicrobiota"
"161","ASV1229","SRR2923366",0,"stool","Ringel","NA","NA","1st","Bacteria","Verrucomicrobiota"
"162","ASV1229","SRR2923383",0,"stool","Ringel","NA","NA","1st","Bacteria","Verrucomicrobiota"
"163","ASV1229","SRR2923356",0,"stool","Ringel","NA","NA","1st","Bacteria","Verrucomicrobiota"
"164","ASV1229","SRR2923364",0,"stool","Ringel","NA","NA","1st","Bacteria","Verrucomicrobiota"
"165","ASV1229","SRR2923363",0,"stool","Ringel","NA","NA","1st","Bacteria","Verrucomicrobiota"
"166","ASV1229","SRR2923378",0,"stool","Ringel","NA","NA","1st","Bacteria","Verrucomicrobiota"
"167","ASV1229","SRR2923353",0,"stool","Ringel","NA","NA","1st","Bacteria","Verrucomicrobiota"
"168","ASV1229","SRR2923351",0,"stool","Ringel","NA","NA","1st","Bacteria","Verrucomicrobiota"
"170","ASV1229","SRR2923361",0,"stool","Ringel","NA","NA","1st","Bacteria","Verrucomicrobiota"
"171","ASV1229","SRR2923391",0,"stool","Ringel","NA","NA","1st","Bacteria","Verrucomicrobiota"
"172","ASV1229","SRR2923390",0,"stool","Ringel","NA","NA","1st","Bacteria","Verrucomicrobiota"
"173","ASV1229","SRR2923387",0,"stool","Ringel","NA","NA","1st","Bacteria","Verrucomicrobiota"
"174","ASV1229","SRR2923385",0,"stool","Ringel","NA","NA","1st","Bacteria","Verrucomicrobiota"
"175","ASV1229","SRR2923357",0,"stool","Ringel","NA","NA","1st","Bacteria","Verrucomicrobiota"
"176","ASV1229","SRR2923400",0,"stool","Ringel","NA","NA","1st","Bacteria","Verrucomicrobiota"
"177","ASV1229","SRR2923399",0,"stool","Ringel","NA","NA","1st","Bacteria","Verrucomicrobiota"
"178","ASV1229","SRR2923380",0,"stool","Ringel","NA","NA","1st","Bacteria","Verrucomicrobiota"
"179","ASV1229","SRR2923354",0,"stool","Ringel","NA","NA","1st","Bacteria","Verrucomicrobiota"
"180","ASV1229","SRR2923397",0,"stool","Ringel","NA","NA","1st","Bacteria","Verrucomicrobiota"
"181","ASV1229","SRR2923395",0,"stool","Ringel","NA","NA","1st","Bacteria","Verrucomicrobiota"
"182","ASV1229","SRR2923752",0,"stool","Ringel","NA","NA","1st","Bacteria","Verrucomicrobiota"
"183","ASV1229","SRR2923393",0,"stool","Ringel","NA","NA","1st","Bacteria","Verrucomicrobiota"
"184","ASV1229","SRR2923809",0,"stool","Ringel","NA","NA","1st","Bacteria","Verrucomicrobiota"
"185","ASV1229","SRR2923808",0,"stool","Ringel","NA","NA","1st","Bacteria","Verrucomicrobiota"
"186","ASV1229","SRR2923749",0,"stool","Ringel","NA","NA","1st","Bacteria","Verrucomicrobiota"
"187","ASV1229","SRR2923358",0,"stool","Ringel","NA","NA","1st","Bacteria","Verrucomicrobiota"
"188","ASV1229","SRR2923747",0,"stool","Ringel","NA","NA","1st","Bacteria","Verrucomicrobiota"
"189","ASV1229","SRR2923327",0,"stool","Ringel","NA","NA","1st","Bacteria","Verrucomicrobiota"
"191","ASV1229","SRR2923355",0,"stool","Ringel","NA","NA","1st","Bacteria","Verrucomicrobiota"
"192","ASV1229","SRR2923398",0,"stool","Ringel","NA","NA","1st","Bacteria","Verrucomicrobiota"
"193","ASV1229","SRR2923755",0,"stool","Ringel","NA","NA","1st","Bacteria","Verrucomicrobiota"
"195","ASV1229","SRR2923813",0,"stool","Ringel","NA","NA","1st","Bacteria","Verrucomicrobiota"
"196","ASV1229","SRR2923811",0,"stool","Ringel","NA","NA","1st","Bacteria","Verrucomicrobiota"
"197","ASV1229","SRR2923751",0,"stool","Ringel","NA","NA","1st","Bacteria","Verrucomicrobiota"
"198","ASV1229","SRR2923750",0,"stool","Ringel","NA","NA","1st","Bacteria","Verrucomicrobiota"
"199","ASV1229","SRR2923350",0,"stool","Ringel","NA","NA","1st","Bacteria","Verrucomicrobiota"
"200","ASV1229","SRR2923748",0,"stool","Ringel","NA","NA","1st","Bacteria","Verrucomicrobiota"
"201","ASV1229","SRR2923348",0,"stool","Ringel","NA","NA","1st","Bacteria","Verrucomicrobiota"
"202","ASV1229","SRR2923761",0,"stool","Ringel","NA","NA","1st","Bacteria","Verrucomicrobiota"
"204","ASV1229","SRR2923757",0,"stool","Ringel","NA","NA","1st","Bacteria","Verrucomicrobiota"
"205","ASV1229","SRR2923774",0,"stool","Ringel","NA","NA","1st","Bacteria","Verrucomicrobiota"
"206","ASV1229","SRR2923802",0,"stool","Ringel","NA","NA","1st","Bacteria","Verrucomicrobiota"
"208","ASV1229","SRR2923772",0,"stool","Ringel","NA","NA","1st","Bacteria","Verrucomicrobiota"
"209","ASV1229","SRR2923771",0,"stool","Ringel","NA","NA","1st","Bacteria","Verrucomicrobiota"
"210","ASV1229","SRR2923797",0,"stool","Ringel","NA","NA","1st","Bacteria","Verrucomicrobiota"
"212","ASV1229","SRR2923766",0,"stool","Ringel","NA","NA","1st","Bacteria","Verrucomicrobiota"
"213","ASV1229","SRR2923349",0,"stool","Ringel","NA","NA","1st","Bacteria","Verrucomicrobiota"
"215","ASV1229","SRR2923791",0,"stool","Ringel","NA","NA","1st","Bacteria","Verrucomicrobiota"
"217","ASV1229","SRR2923787",0,"stool","Ringel","NA","NA","1st","Bacteria","Verrucomicrobiota"
"218","ASV1229","SRR2923803",0,"stool","Ringel","NA","NA","1st","Bacteria","Verrucomicrobiota"
"219","ASV1229","SRR2923792",0,"stool","Ringel","NA","NA","1st","Bacteria","Verrucomicrobiota"
"220","ASV1229","SRR2923800",0,"stool","Ringel","NA","NA","1st","Bacteria","Verrucomicrobiota"
"222","ASV1229","SRR2923794",0,"stool","Ringel","NA","NA","1st","Bacteria","Verrucomicrobiota"
"223","ASV1229","SRR2923796",0,"stool","Ringel","NA","NA","1st","Bacteria","Verrucomicrobiota"
"225","ASV1229","SRR2923805",0,"stool","Ringel","NA","NA","1st","Bacteria","Verrucomicrobiota"
"229","ASV14","SRR2923327",0,"stool","Ringel","NA","NA","1st","Bacteria","Actinobacteriota"
"230","ASV14","SRR2923349",0,"stool","Ringel","NA","NA","1st","Bacteria","Actinobacteriota"
"249","ASV14","SRR2923390",0,"stool","Ringel","NA","NA","1st","Bacteria","Actinobacteriota"
"260","ASV14","SRR2923393",0,"stool","Ringel","NA","NA","1st","Bacteria","Actinobacteriota"
"301","ASV1432","SRR2923378",0,"stool","Ringel","NA","NA","1st","Bacteria","Desulfobacterota"
"302","ASV1432","SRR2923391",0,"stool","Ringel","NA","NA","1st","Bacteria","Desulfobacterota"
"303","ASV1432","SRR2923380",0,"stool","Ringel","NA","NA","1st","Bacteria","Desulfobacterota"
"304","ASV1432","SRR2923385",0,"stool","Ringel","NA","NA","1st","Bacteria","Desulfobacterota"
"305","ASV1432","SRR2923383",0,"stool","Ringel","NA","NA","1st","Bacteria","Desulfobacterota"
"306","ASV1432","SRR2923393",0,"stool","Ringel","NA","NA","1st","Bacteria","Desulfobacterota"
"307","ASV1432","SRR2923365",0,"stool","Ringel","NA","NA","1st","Bacteria","Desulfobacterota"
"308","ASV1432","SRR2923398",0,"stool","Ringel","NA","NA","1st","Bacteria","Desulfobacterota"
"309","ASV1432","SRR2923376",0,"stool","Ringel","NA","NA","1st","Bacteria","Desulfobacterota"
"310","ASV1432","SRR2923382",0,"stool","Ringel","NA","NA","1st","Bacteria","Desulfobacterota"
"311","ASV1432","SRR2923362",0,"stool","Ringel","NA","NA","1st","Bacteria","Desulfobacterota"
"312","ASV1432","SRR2923751",0,"stool","Ringel","NA","NA","1st","Bacteria","Desulfobacterota"
"313","ASV1432","SRR2923390",0,"stool","Ringel","NA","NA","1st","Bacteria","Desulfobacterota"
"314","ASV1432","SRR2923395",0,"stool","Ringel","NA","NA","1st","Bacteria","Desulfobacterota"
"315","ASV1432","SRR2923387",0,"stool","Ringel","NA","NA","1st","Bacteria","Desulfobacterota"
"317","ASV1432","SRR2923747",0,"stool","Ringel","NA","NA","1st","Bacteria","Desulfobacterota"
"318","ASV1432","SRR2923400",0,"stool","Ringel","NA","NA","1st","Bacteria","Desulfobacterota"
"319","ASV1432","SRR2923366",0,"stool","Ringel","NA","NA","1st","Bacteria","Desulfobacterota"
"320","ASV1432","SRR2923399",0,"stool","Ringel","NA","NA","1st","Bacteria","Desulfobacterota"
"321","ASV1432","SRR2923356",0,"stool","Ringel","NA","NA","1st","Bacteria","Desulfobacterota"
"322","ASV1432","SRR2923397",0,"stool","Ringel","NA","NA","1st","Bacteria","Desulfobacterota"
"323","ASV1432","SRR2923363",0,"stool","Ringel","NA","NA","1st","Bacteria","Desulfobacterota"
"324","ASV1432","SRR2923752",0,"stool","Ringel","NA","NA","1st","Bacteria","Desulfobacterota"
"325","ASV1432","SRR2923353",0,"stool","Ringel","NA","NA","1st","Bacteria","Desulfobacterota"
"326","ASV1432","SRR2923750",0,"stool","Ringel","NA","NA","1st","Bacteria","Desulfobacterota"
"327","ASV1432","SRR2923749",0,"stool","Ringel","NA","NA","1st","Bacteria","Desulfobacterota"
"328","ASV1432","SRR2923765",0,"stool","Ringel","NA","NA","1st","Bacteria","Desulfobacterota"
"329","ASV1432","SRR2923371",0,"stool","Ringel","NA","NA","1st","Bacteria","Desulfobacterota"
"330","ASV1432","SRR2923369",0,"stool","Ringel","NA","NA","1st","Bacteria","Desulfobacterota"
"331","ASV1432","SRR2923368",0,"stool","Ringel","NA","NA","1st","Bacteria","Desulfobacterota"
"332","ASV1432","SRR2923759",0,"stool","Ringel","NA","NA","1st","Bacteria","Desulfobacterota"
"333","ASV1432","SRR2923357",0,"stool","Ringel","NA","NA","1st","Bacteria","Desulfobacterota"
"335","ASV1432","SRR2923364",0,"stool","Ringel","NA","NA","1st","Bacteria","Desulfobacterota"
"337","ASV1432","SRR2923354",0,"stool","Ringel","NA","NA","1st","Bacteria","Desulfobacterota"
"339","ASV1432","SRR2923351",0,"stool","Ringel","NA","NA","1st","Bacteria","Desulfobacterota"
"340","ASV1432","SRR2923766",0,"stool","Ringel","NA","NA","1st","Bacteria","Desulfobacterota"
"341","ASV1432","SRR2923373",0,"stool","Ringel","NA","NA","1st","Bacteria","Desulfobacterota"
"342","ASV1432","SRR2923360",0,"stool","Ringel","NA","NA","1st","Bacteria","Desulfobacterota"
"343","ASV1432","SRR2923359",0,"stool","Ringel","NA","NA","1st","Bacteria","Desulfobacterota"
"346","ASV1432","SRR2923787",0,"stool","Ringel","NA","NA","1st","Bacteria","Desulfobacterota"
"347","ASV1432","SRR2923327",0,"stool","Ringel","NA","NA","1st","Bacteria","Desulfobacterota"
"348","ASV1432","SRR2923755",0,"stool","Ringel","NA","NA","1st","Bacteria","Desulfobacterota"
"349","ASV1432","SRR2923355",0,"stool","Ringel","NA","NA","1st","Bacteria","Desulfobacterota"
"350","ASV1432","SRR2923772",0,"stool","Ringel","NA","NA","1st","Bacteria","Desulfobacterota"
"351","ASV1432","SRR2923799",0,"stool","Ringel","NA","NA","1st","Bacteria","Desulfobacterota"
"352","ASV1432","SRR2923768",0,"stool","Ringel","NA","NA","1st","Bacteria","Desulfobacterota"
"354","ASV1432","SRR2923361",0,"stool","Ringel","NA","NA","1st","Bacteria","Desulfobacterota"
"355","ASV1432","SRR2923792",0,"stool","Ringel","NA","NA","1st","Bacteria","Desulfobacterota"
"356","ASV1432","SRR2923763",0,"stool","Ringel","NA","NA","1st","Bacteria","Desulfobacterota"
"357","ASV1432","SRR2923791",0,"stool","Ringel","NA","NA","1st","Bacteria","Desulfobacterota"
"358","ASV1432","SRR2923789",0,"stool","Ringel","NA","NA","1st","Bacteria","Desulfobacterota"
"360","ASV1432","SRR2923803",0,"stool","Ringel","NA","NA","1st","Bacteria","Desulfobacterota"
"361","ASV1432","SRR2923774",0,"stool","Ringel","NA","NA","1st","Bacteria","Desulfobacterota"
"362","ASV1432","SRR2923773",0,"stool","Ringel","NA","NA","1st","Bacteria","Desulfobacterota"
"363","ASV1432","SRR2923800",0,"stool","Ringel","NA","NA","1st","Bacteria","Desulfobacterota"
"365","ASV1432","SRR2923797",0,"stool","Ringel","NA","NA","1st","Bacteria","Desulfobacterota"
"366","ASV1432","SRR2923796",0,"stool","Ringel","NA","NA","1st","Bacteria","Desulfobacterota"
"367","ASV1432","SRR2923794",0,"stool","Ringel","NA","NA","1st","Bacteria","Desulfobacterota"
"369","ASV1432","SRR2923808",0,"stool","Ringel","NA","NA","1st","Bacteria","Desulfobacterota"
"370","ASV1432","SRR2923350",0,"stool","Ringel","NA","NA","1st","Bacteria","Desulfobacterota"
"371","ASV1432","SRR2923349",0,"stool","Ringel","NA","NA","1st","Bacteria","Desulfobacterota"
"372","ASV1432","SRR2923811",0,"stool","Ringel","NA","NA","1st","Bacteria","Desulfobacterota"
"373","ASV1432","SRR2923802",0,"stool","Ringel","NA","NA","1st","Bacteria","Desulfobacterota"
"375","ASV1432","SRR2923813",0,"stool","Ringel","NA","NA","1st","Bacteria","Desulfobacterota"
"376","ASV1913","SRR2923399",0,"stool","Ringel","NA","NA","1st","Bacteria","Fusobacteriota"
"377","ASV1913","SRR2923327",0,"stool","Ringel","NA","NA","1st","Bacteria","Fusobacteriota"
"378","ASV1913","SRR2923754",0,"stool","Ringel","NA","NA","1st","Bacteria","Fusobacteriota"
"379","ASV1913","SRR2923752",0,"stool","Ringel","NA","NA","1st","Bacteria","Fusobacteriota"
"380","ASV1913","SRR2923395",0,"stool","Ringel","NA","NA","1st","Bacteria","Fusobacteriota"
"381","ASV1913","SRR2923750",0,"stool","Ringel","NA","NA","1st","Bacteria","Fusobacteriota"
"382","ASV1913","SRR2923749",0,"stool","Ringel","NA","NA","1st","Bacteria","Fusobacteriota"
"383","ASV1913","SRR2923748",0,"stool","Ringel","NA","NA","1st","Bacteria","Fusobacteriota"
"384","ASV1913","SRR2923397",0,"stool","Ringel","NA","NA","1st","Bacteria","Fusobacteriota"
"385","ASV1913","SRR2923400",0,"stool","Ringel","NA","NA","1st","Bacteria","Fusobacteriota"
"386","ASV1913","SRR2923348",0,"stool","Ringel","NA","NA","1st","Bacteria","Fusobacteriota"
"387","ASV1913","SRR2923383",0,"stool","Ringel","NA","NA","1st","Bacteria","Fusobacteriota"
"388","ASV1913","SRR2923398",0,"stool","Ringel","NA","NA","1st","Bacteria","Fusobacteriota"
"389","ASV1913","SRR2923755",0,"stool","Ringel","NA","NA","1st","Bacteria","Fusobacteriota"
"390","ASV1913","SRR2923380",0,"stool","Ringel","NA","NA","1st","Bacteria","Fusobacteriota"
"391","ASV1913","SRR2923378",0,"stool","Ringel","NA","NA","1st","Bacteria","Fusobacteriota"
"392","ASV1913","SRR2923376",0,"stool","Ringel","NA","NA","1st","Bacteria","Fusobacteriota"
"393","ASV1913","SRR2923751",0,"stool","Ringel","NA","NA","1st","Bacteria","Fusobacteriota"
"394","ASV1913","SRR2923393",0,"stool","Ringel","NA","NA","1st","Bacteria","Fusobacteriota"
"395","ASV1913","SRR2923391",0,"stool","Ringel","NA","NA","1st","Bacteria","Fusobacteriota"
"396","ASV1913","SRR2923390",0,"stool","Ringel","NA","NA","1st","Bacteria","Fusobacteriota"
"397","ASV1913","SRR2923747",0,"stool","Ringel","NA","NA","1st","Bacteria","Fusobacteriota"
"398","ASV1913","SRR2923349",0,"stool","Ringel","NA","NA","1st","Bacteria","Fusobacteriota"
"399","ASV1913","SRR2923385",0,"stool","Ringel","NA","NA","1st","Bacteria","Fusobacteriota"
"400","ASV1913","SRR2923759",0,"stool","Ringel","NA","NA","1st","Bacteria","Fusobacteriota"
"401","ASV1913","SRR2923757",0,"stool","Ringel","NA","NA","1st","Bacteria","Fusobacteriota"
"402","ASV1913","SRR2923382",0,"stool","Ringel","NA","NA","1st","Bacteria","Fusobacteriota"
"403","ASV1913","SRR2923365",0,"stool","Ringel","NA","NA","1st","Bacteria","Fusobacteriota"
"404","ASV1913","SRR2923772",0,"stool","Ringel","NA","NA","1st","Bacteria","Fusobacteriota"
"405","ASV1913","SRR2923771",0,"stool","Ringel","NA","NA","1st","Bacteria","Fusobacteriota"
"406","ASV1913","SRR2923363",0,"stool","Ringel","NA","NA","1st","Bacteria","Fusobacteriota"
"407","ASV1913","SRR2923362",0,"stool","Ringel","NA","NA","1st","Bacteria","Fusobacteriota"
"408","ASV1913","SRR2923766",0,"stool","Ringel","NA","NA","1st","Bacteria","Fusobacteriota"
"409","ASV1913","SRR2923765",0,"stool","Ringel","NA","NA","1st","Bacteria","Fusobacteriota"
"410","ASV1913","SRR2923350",0,"stool","Ringel","NA","NA","1st","Bacteria","Fusobacteriota"
"411","ASV1913","SRR2923387",0,"stool","Ringel","NA","NA","1st","Bacteria","Fusobacteriota"
"412","ASV1913","SRR2923761",0,"stool","Ringel","NA","NA","1st","Bacteria","Fusobacteriota"
"413","ASV1913","SRR2923369",0,"stool","Ringel","NA","NA","1st","Bacteria","Fusobacteriota"
"414","ASV1913","SRR2923368",0,"stool","Ringel","NA","NA","1st","Bacteria","Fusobacteriota"
"415","ASV1913","SRR2923366",0,"stool","Ringel","NA","NA","1st","Bacteria","Fusobacteriota"
"416","ASV1913","SRR2923773",0,"stool","Ringel","NA","NA","1st","Bacteria","Fusobacteriota"
"417","ASV1913","SRR2923356",0,"stool","Ringel","NA","NA","1st","Bacteria","Fusobacteriota"
"418","ASV1913","SRR2923364",0,"stool","Ringel","NA","NA","1st","Bacteria","Fusobacteriota"
"419","ASV1913","SRR2923797",0,"stool","Ringel","NA","NA","1st","Bacteria","Fusobacteriota"
"420","ASV1913","SRR2923768",0,"stool","Ringel","NA","NA","1st","Bacteria","Fusobacteriota"
"421","ASV1913","SRR2923353",0,"stool","Ringel","NA","NA","1st","Bacteria","Fusobacteriota"
"423","ASV1913","SRR2923792",0,"stool","Ringel","NA","NA","1st","Bacteria","Fusobacteriota"
"424","ASV1913","SRR2923763",0,"stool","Ringel","NA","NA","1st","Bacteria","Fusobacteriota"
"425","ASV1913","SRR2923371",0,"stool","Ringel","NA","NA","1st","Bacteria","Fusobacteriota"
"426","ASV1913","SRR2923359",0,"stool","Ringel","NA","NA","1st","Bacteria","Fusobacteriota"
"427","ASV1913","SRR2923787",0,"stool","Ringel","NA","NA","1st","Bacteria","Fusobacteriota"
"428","ASV1913","SRR2923774",0,"stool","Ringel","NA","NA","1st","Bacteria","Fusobacteriota"
"429","ASV1913","SRR2923357",0,"stool","Ringel","NA","NA","1st","Bacteria","Fusobacteriota"
"430","ASV1913","SRR2923800",0,"stool","Ringel","NA","NA","1st","Bacteria","Fusobacteriota"
"431","ASV1913","SRR2923799",0,"stool","Ringel","NA","NA","1st","Bacteria","Fusobacteriota"
"432","ASV1913","SRR2923355",0,"stool","Ringel","NA","NA","1st","Bacteria","Fusobacteriota"
"433","ASV1913","SRR2923354",0,"stool","Ringel","NA","NA","1st","Bacteria","Fusobacteriota"
"434","ASV1913","SRR2923796",0,"stool","Ringel","NA","NA","1st","Bacteria","Fusobacteriota"
"435","ASV1913","SRR2923794",0,"stool","Ringel","NA","NA","1st","Bacteria","Fusobacteriota"
"436","ASV1913","SRR2923375",0,"stool","Ringel","NA","NA","1st","Bacteria","Fusobacteriota"
"437","ASV1913","SRR2923373",0,"stool","Ringel","NA","NA","1st","Bacteria","Fusobacteriota"
"438","ASV1913","SRR2923360",0,"stool","Ringel","NA","NA","1st","Bacteria","Fusobacteriota"
"439","ASV1913","SRR2923789",0,"stool","Ringel","NA","NA","1st","Bacteria","Fusobacteriota"
"440","ASV1913","SRR2923805",0,"stool","Ringel","NA","NA","1st","Bacteria","Fusobacteriota"
"441","ASV1913","SRR2923358",0,"stool","Ringel","NA","NA","1st","Bacteria","Fusobacteriota"
"442","ASV1913","SRR2923802",0,"stool","Ringel","NA","NA","1st","Bacteria","Fusobacteriota"
"443","ASV1913","SRR2923791",0,"stool","Ringel","NA","NA","1st","Bacteria","Fusobacteriota"
"444","ASV1913","SRR2923811",0,"stool","Ringel","NA","NA","1st","Bacteria","Fusobacteriota"
"445","ASV1913","SRR2923809",0,"stool","Ringel","NA","NA","1st","Bacteria","Fusobacteriota"
"446","ASV1913","SRR2923813",0,"stool","Ringel","NA","NA","1st","Bacteria","Fusobacteriota"
"447","ASV1913","SRR2923808",0,"stool","Ringel","NA","NA","1st","Bacteria","Fusobacteriota"
"448","ASV1913","SRR2923806",0,"stool","Ringel","NA","NA","1st","Bacteria","Fusobacteriota"
"449","ASV1913","SRR2923361",0,"stool","Ringel","NA","NA","1st","Bacteria","Fusobacteriota"
"450","ASV1913","SRR2923803",0,"stool","Ringel","NA","NA","1st","Bacteria","Fusobacteriota"
"526","ASV2060","SRR2923752",0,"stool","Ringel","NA","NA","1st","Bacteria","Synergistota"
"527","ASV2060","SRR2923755",0,"stool","Ringel","NA","NA","1st","Bacteria","Synergistota"
"528","ASV2060","SRR2923754",0,"stool","Ringel","NA","NA","1st","Bacteria","Synergistota"
"529","ASV2060","SRR2923759",0,"stool","Ringel","NA","NA","1st","Bacteria","Synergistota"
"530","ASV2060","SRR2923354",0,"stool","Ringel","NA","NA","1st","Bacteria","Synergistota"
"531","ASV2060","SRR2923399",0,"stool","Ringel","NA","NA","1st","Bacteria","Synergistota"
"532","ASV2060","SRR2923357",0,"stool","Ringel","NA","NA","1st","Bacteria","Synergistota"
"533","ASV2060","SRR2923356",0,"stool","Ringel","NA","NA","1st","Bacteria","Synergistota"
"534","ASV2060","SRR2923757",0,"stool","Ringel","NA","NA","1st","Bacteria","Synergistota"
"535","ASV2060","SRR2923395",0,"stool","Ringel","NA","NA","1st","Bacteria","Synergistota"
"536","ASV2060","SRR2923353",0,"stool","Ringel","NA","NA","1st","Bacteria","Synergistota"
"537","ASV2060","SRR2923351",0,"stool","Ringel","NA","NA","1st","Bacteria","Synergistota"
"538","ASV2060","SRR2923355",0,"stool","Ringel","NA","NA","1st","Bacteria","Synergistota"
"539","ASV2060","SRR2923763",0,"stool","Ringel","NA","NA","1st","Bacteria","Synergistota"
"540","ASV2060","SRR2923761",0,"stool","Ringel","NA","NA","1st","Bacteria","Synergistota"
"541","ASV2060","SRR2923360",0,"stool","Ringel","NA","NA","1st","Bacteria","Synergistota"
"542","ASV2060","SRR2923359",0,"stool","Ringel","NA","NA","1st","Bacteria","Synergistota"
"543","ASV2060","SRR2923400",0,"stool","Ringel","NA","NA","1st","Bacteria","Synergistota"
"544","ASV2060","SRR2923358",0,"stool","Ringel","NA","NA","1st","Bacteria","Synergistota"
"545","ASV2060","SRR2923327",0,"stool","Ringel","NA","NA","1st","Bacteria","Synergistota"
"546","ASV2060","SRR2923398",0,"stool","Ringel","NA","NA","1st","Bacteria","Synergistota"
"547","ASV2060","SRR2923397",0,"stool","Ringel","NA","NA","1st","Bacteria","Synergistota"
"548","ASV2060","SRR2923771",0,"stool","Ringel","NA","NA","1st","Bacteria","Synergistota"
"549","ASV2060","SRR2923768",0,"stool","Ringel","NA","NA","1st","Bacteria","Synergistota"
"550","ASV2060","SRR2923766",0,"stool","Ringel","NA","NA","1st","Bacteria","Synergistota"
"551","ASV2060","SRR2923765",0,"stool","Ringel","NA","NA","1st","Bacteria","Synergistota"
"552","ASV2060","SRR2923792",0,"stool","Ringel","NA","NA","1st","Bacteria","Synergistota"
"553","ASV2060","SRR2923361",0,"stool","Ringel","NA","NA","1st","Bacteria","Synergistota"
"555","ASV2060","SRR2923747",0,"stool","Ringel","NA","NA","1st","Bacteria","Synergistota"
"556","ASV2060","SRR2923787",0,"stool","Ringel","NA","NA","1st","Bacteria","Synergistota"
"557","ASV2060","SRR2923348",0,"stool","Ringel","NA","NA","1st","Bacteria","Synergistota"
"558","ASV2060","SRR2923383",0,"stool","Ringel","NA","NA","1st","Bacteria","Synergistota"
"559","ASV2060","SRR2923366",0,"stool","Ringel","NA","NA","1st","Bacteria","Synergistota"
"560","ASV2060","SRR2923772",0,"stool","Ringel","NA","NA","1st","Bacteria","Synergistota"
"561","ASV2060","SRR2923380",0,"stool","Ringel","NA","NA","1st","Bacteria","Synergistota"
"562","ASV2060","SRR2923378",0,"stool","Ringel","NA","NA","1st","Bacteria","Synergistota"
"563","ASV2060","SRR2923376",0,"stool","Ringel","NA","NA","1st","Bacteria","Synergistota"
"564","ASV2060","SRR2923794",0,"stool","Ringel","NA","NA","1st","Bacteria","Synergistota"
"565","ASV2060","SRR2923750",0,"stool","Ringel","NA","NA","1st","Bacteria","Synergistota"
"566","ASV2060","SRR2923749",0,"stool","Ringel","NA","NA","1st","Bacteria","Synergistota"
"567","ASV2060","SRR2923390",0,"stool","Ringel","NA","NA","1st","Bacteria","Synergistota"
"568","ASV2060","SRR2923789",0,"stool","Ringel","NA","NA","1st","Bacteria","Synergistota"
"569","ASV2060","SRR2923349",0,"stool","Ringel","NA","NA","1st","Bacteria","Synergistota"
"570","ASV2060","SRR2923385",0,"stool","Ringel","NA","NA","1st","Bacteria","Synergistota"
"571","ASV2060","SRR2923368",0,"stool","Ringel","NA","NA","1st","Bacteria","Synergistota"
"573","ASV2060","SRR2923382",0,"stool","Ringel","NA","NA","1st","Bacteria","Synergistota"
"574","ASV2060","SRR2923365",0,"stool","Ringel","NA","NA","1st","Bacteria","Synergistota"
"576","ASV2060","SRR2923796",0,"stool","Ringel","NA","NA","1st","Bacteria","Synergistota"
"577","ASV2060","SRR2923751",0,"stool","Ringel","NA","NA","1st","Bacteria","Synergistota"
"578","ASV2060","SRR2923393",0,"stool","Ringel","NA","NA","1st","Bacteria","Synergistota"
"579","ASV2060","SRR2923391",0,"stool","Ringel","NA","NA","1st","Bacteria","Synergistota"
"580","ASV2060","SRR2923791",0,"stool","Ringel","NA","NA","1st","Bacteria","Synergistota"
"581","ASV2060","SRR2923350",0,"stool","Ringel","NA","NA","1st","Bacteria","Synergistota"
"582","ASV2060","SRR2923387",0,"stool","Ringel","NA","NA","1st","Bacteria","Synergistota"
"583","ASV2060","SRR2923369",0,"stool","Ringel","NA","NA","1st","Bacteria","Synergistota"
"584","ASV2060","SRR2923774",0,"stool","Ringel","NA","NA","1st","Bacteria","Synergistota"
"585","ASV2060","SRR2923802",0,"stool","Ringel","NA","NA","1st","Bacteria","Synergistota"
"586","ASV2060","SRR2923800",0,"stool","Ringel","NA","NA","1st","Bacteria","Synergistota"
"587","ASV2060","SRR2923799",0,"stool","Ringel","NA","NA","1st","Bacteria","Synergistota"
"588","ASV2060","SRR2923808",0,"stool","Ringel","NA","NA","1st","Bacteria","Synergistota"
"589","ASV2060","SRR2923364",0,"stool","Ringel","NA","NA","1st","Bacteria","Synergistota"
"590","ASV2060","SRR2923363",0,"stool","Ringel","NA","NA","1st","Bacteria","Synergistota"
"591","ASV2060","SRR2923362",0,"stool","Ringel","NA","NA","1st","Bacteria","Synergistota"
"592","ASV2060","SRR2923803",0,"stool","Ringel","NA","NA","1st","Bacteria","Synergistota"
"593","ASV2060","SRR2923375",0,"stool","Ringel","NA","NA","1st","Bacteria","Synergistota"
"594","ASV2060","SRR2923373",0,"stool","Ringel","NA","NA","1st","Bacteria","Synergistota"
"595","ASV2060","SRR2923371",0,"stool","Ringel","NA","NA","1st","Bacteria","Synergistota"
"596","ASV2060","SRR2923809",0,"stool","Ringel","NA","NA","1st","Bacteria","Synergistota"
"597","ASV2060","SRR2923813",0,"stool","Ringel","NA","NA","1st","Bacteria","Synergistota"
"598","ASV2060","SRR2923811",0,"stool","Ringel","NA","NA","1st","Bacteria","Synergistota"
"599","ASV2060","SRR2923805",0,"stool","Ringel","NA","NA","1st","Bacteria","Synergistota"
"600","ASV2060","SRR2923806",0,"stool","Ringel","NA","NA","1st","Bacteria","Synergistota"
"608","ASV221","SRR2923353",0,"stool","Ringel","NA","NA","1st","Bacteria","Proteobacteria"
"612","ASV221","SRR2923349",0,"stool","Ringel","NA","NA","1st","Bacteria","Proteobacteria"
"617","ASV221","SRR2923811",0,"stool","Ringel","NA","NA","1st","Bacteria","Proteobacteria"
"618","ASV221","SRR2923363",0,"stool","Ringel","NA","NA","1st","Bacteria","Proteobacteria"
"621","ASV221","SRR2923361",0,"stool","Ringel","NA","NA","1st","Bacteria","Proteobacteria"
"625","ASV221","SRR2923357",0,"stool","Ringel","NA","NA","1st","Bacteria","Proteobacteria"
"627","ASV221","SRR2923802",0,"stool","Ringel","NA","NA","1st","Bacteria","Proteobacteria"
"630","ASV221","SRR2923364",0,"stool","Ringel","NA","NA","1st","Bacteria","Proteobacteria"
"635","ASV221","SRR2923766",0,"stool","Ringel","NA","NA","1st","Bacteria","Proteobacteria"
"638","ASV221","SRR2923369",0,"stool","Ringel","NA","NA","1st","Bacteria","Proteobacteria"
"641","ASV221","SRR2923787",0,"stool","Ringel","NA","NA","1st","Bacteria","Proteobacteria"
"644","ASV221","SRR2923380",0,"stool","Ringel","NA","NA","1st","Bacteria","Proteobacteria"
"648","ASV221","SRR2923375",0,"stool","Ringel","NA","NA","1st","Bacteria","Proteobacteria"
"650","ASV221","SRR2923391",0,"stool","Ringel","NA","NA","1st","Bacteria","Proteobacteria"
"652","ASV221","SRR2923387",0,"stool","Ringel","NA","NA","1st","Bacteria","Proteobacteria"
"659","ASV221","SRR2923397",0,"stool","Ringel","NA","NA","1st","Bacteria","Proteobacteria"
"661","ASV221","SRR2923752",0,"stool","Ringel","NA","NA","1st","Bacteria","Proteobacteria"
"667","ASV221","SRR2923763",0,"stool","Ringel","NA","NA","1st","Bacteria","Proteobacteria"
"669","ASV221","SRR2923774",0,"stool","Ringel","NA","NA","1st","Bacteria","Proteobacteria"
"676","ASV2748","SRR2923787",0,"stool","Ringel","NA","NA","1st","Bacteria","Campilobacterota"
"677","ASV2748","SRR2923366",0,"stool","Ringel","NA","NA","1st","Bacteria","Campilobacterota"
"678","ASV2748","SRR2923774",0,"stool","Ringel","NA","NA","1st","Bacteria","Campilobacterota"
"679","ASV2748","SRR2923771",0,"stool","Ringel","NA","NA","1st","Bacteria","Campilobacterota"
"680","ASV2748","SRR2923363",0,"stool","Ringel","NA","NA","1st","Bacteria","Campilobacterota"
"681","ASV2748","SRR2923362",0,"stool","Ringel","NA","NA","1st","Bacteria","Campilobacterota"
"682","ASV2748","SRR2923773",0,"stool","Ringel","NA","NA","1st","Bacteria","Campilobacterota"
"683","ASV2748","SRR2923772",0,"stool","Ringel","NA","NA","1st","Bacteria","Campilobacterota"
"684","ASV2748","SRR2923789",0,"stool","Ringel","NA","NA","1st","Bacteria","Campilobacterota"
"685","ASV2748","SRR2923761",0,"stool","Ringel","NA","NA","1st","Bacteria","Campilobacterota"
"686","ASV2748","SRR2923759",0,"stool","Ringel","NA","NA","1st","Bacteria","Campilobacterota"
"687","ASV2748","SRR2923400",0,"stool","Ringel","NA","NA","1st","Bacteria","Campilobacterota"
"688","ASV2748","SRR2923368",0,"stool","Ringel","NA","NA","1st","Bacteria","Campilobacterota"
"689","ASV2748","SRR2923755",0,"stool","Ringel","NA","NA","1st","Bacteria","Campilobacterota"
"690","ASV2748","SRR2923365",0,"stool","Ringel","NA","NA","1st","Bacteria","Campilobacterota"
"691","ASV2748","SRR2923752",0,"stool","Ringel","NA","NA","1st","Bacteria","Campilobacterota"
"692","ASV2748","SRR2923364",0,"stool","Ringel","NA","NA","1st","Bacteria","Campilobacterota"
"693","ASV2748","SRR2923354",0,"stool","Ringel","NA","NA","1st","Bacteria","Campilobacterota"
"694","ASV2748","SRR2923353",0,"stool","Ringel","NA","NA","1st","Bacteria","Campilobacterota"
"695","ASV2748","SRR2923351",0,"stool","Ringel","NA","NA","1st","Bacteria","Campilobacterota"
"696","ASV2748","SRR2923791",0,"stool","Ringel","NA","NA","1st","Bacteria","Campilobacterota"
"697","ASV2748","SRR2923763",0,"stool","Ringel","NA","NA","1st","Bacteria","Campilobacterota"
"698","ASV2748","SRR2923748",0,"stool","Ringel","NA","NA","1st","Bacteria","Campilobacterota"
"699","ASV2748","SRR2923747",0,"stool","Ringel","NA","NA","1st","Bacteria","Campilobacterota"
"700","ASV2748","SRR2923369",0,"stool","Ringel","NA","NA","1st","Bacteria","Campilobacterota"
"701","ASV2748","SRR2923757",0,"stool","Ringel","NA","NA","1st","Bacteria","Campilobacterota"
"702","ASV2748","SRR2923399",0,"stool","Ringel","NA","NA","1st","Bacteria","Campilobacterota"
"703","ASV2748","SRR2923754",0,"stool","Ringel","NA","NA","1st","Bacteria","Campilobacterota"
"704","ASV2748","SRR2923797",0,"stool","Ringel","NA","NA","1st","Bacteria","Campilobacterota"
"705","ASV2748","SRR2923355",0,"stool","Ringel","NA","NA","1st","Bacteria","Campilobacterota"
"706","ASV2748","SRR2923395",0,"stool","Ringel","NA","NA","1st","Bacteria","Campilobacterota"
"707","ASV2748","SRR2923376",0,"stool","Ringel","NA","NA","1st","Bacteria","Campilobacterota"
"708","ASV2748","SRR2923792",0,"stool","Ringel","NA","NA","1st","Bacteria","Campilobacterota"
"709","ASV2748","SRR2923765",0,"stool","Ringel","NA","NA","1st","Bacteria","Campilobacterota"
"710","ASV2748","SRR2923749",0,"stool","Ringel","NA","NA","1st","Bacteria","Campilobacterota"
"711","ASV2748","SRR2923390",0,"stool","Ringel","NA","NA","1st","Bacteria","Campilobacterota"
"712","ASV2748","SRR2923371",0,"stool","Ringel","NA","NA","1st","Bacteria","Campilobacterota"
"713","ASV2748","SRR2923359",0,"stool","Ringel","NA","NA","1st","Bacteria","Campilobacterota"
"714","ASV2748","SRR2923348",0,"stool","Ringel","NA","NA","1st","Bacteria","Campilobacterota"
"715","ASV2748","SRR2923383",0,"stool","Ringel","NA","NA","1st","Bacteria","Campilobacterota"
"716","ASV2748","SRR2923799",0,"stool","Ringel","NA","NA","1st","Bacteria","Campilobacterota"
"717","ASV2748","SRR2923356",0,"stool","Ringel","NA","NA","1st","Bacteria","Campilobacterota"
"718","ASV2748","SRR2923397",0,"stool","Ringel","NA","NA","1st","Bacteria","Campilobacterota"
"719","ASV2748","SRR2923378",0,"stool","Ringel","NA","NA","1st","Bacteria","Campilobacterota"
"720","ASV2748","SRR2923794",0,"stool","Ringel","NA","NA","1st","Bacteria","Campilobacterota"
"721","ASV2748","SRR2923766",0,"stool","Ringel","NA","NA","1st","Bacteria","Campilobacterota"
"722","ASV2748","SRR2923750",0,"stool","Ringel","NA","NA","1st","Bacteria","Campilobacterota"
"723","ASV2748","SRR2923391",0,"stool","Ringel","NA","NA","1st","Bacteria","Campilobacterota"
"724","ASV2748","SRR2923373",0,"stool","Ringel","NA","NA","1st","Bacteria","Campilobacterota"
"725","ASV2748","SRR2923360",0,"stool","Ringel","NA","NA","1st","Bacteria","Campilobacterota"
"727","ASV2748","SRR2923385",0,"stool","Ringel","NA","NA","1st","Bacteria","Campilobacterota"
"728","ASV2748","SRR2923800",0,"stool","Ringel","NA","NA","1st","Bacteria","Campilobacterota"
"729","ASV2748","SRR2923357",0,"stool","Ringel","NA","NA","1st","Bacteria","Campilobacterota"
"730","ASV2748","SRR2923398",0,"stool","Ringel","NA","NA","1st","Bacteria","Campilobacterota"
"731","ASV2748","SRR2923380",0,"stool","Ringel","NA","NA","1st","Bacteria","Campilobacterota"
"732","ASV2748","SRR2923796",0,"stool","Ringel","NA","NA","1st","Bacteria","Campilobacterota"
"733","ASV2748","SRR2923768",0,"stool","Ringel","NA","NA","1st","Bacteria","Campilobacterota"
"734","ASV2748","SRR2923751",0,"stool","Ringel","NA","NA","1st","Bacteria","Campilobacterota"
"735","ASV2748","SRR2923393",0,"stool","Ringel","NA","NA","1st","Bacteria","Campilobacterota"
"736","ASV2748","SRR2923375",0,"stool","Ringel","NA","NA","1st","Bacteria","Campilobacterota"
"737","ASV2748","SRR2923361",0,"stool","Ringel","NA","NA","1st","Bacteria","Campilobacterota"
"738","ASV2748","SRR2923350",0,"stool","Ringel","NA","NA","1st","Bacteria","Campilobacterota"
"739","ASV2748","SRR2923387",0,"stool","Ringel","NA","NA","1st","Bacteria","Campilobacterota"
"740","ASV2748","SRR2923802",0,"stool","Ringel","NA","NA","1st","Bacteria","Campilobacterota"
"741","ASV2748","SRR2923358",0,"stool","Ringel","NA","NA","1st","Bacteria","Campilobacterota"
"742","ASV2748","SRR2923327",0,"stool","Ringel","NA","NA","1st","Bacteria","Campilobacterota"
"743","ASV2748","SRR2923382",0,"stool","Ringel","NA","NA","1st","Bacteria","Campilobacterota"
"744","ASV2748","SRR2923813",0,"stool","Ringel","NA","NA","1st","Bacteria","Campilobacterota"
"745","ASV2748","SRR2923811",0,"stool","Ringel","NA","NA","1st","Bacteria","Campilobacterota"
"746","ASV2748","SRR2923809",0,"stool","Ringel","NA","NA","1st","Bacteria","Campilobacterota"
"747","ASV2748","SRR2923808",0,"stool","Ringel","NA","NA","1st","Bacteria","Campilobacterota"
"748","ASV2748","SRR2923806",0,"stool","Ringel","NA","NA","1st","Bacteria","Campilobacterota"
"749","ASV2748","SRR2923805",0,"stool","Ringel","NA","NA","1st","Bacteria","Campilobacterota"
"750","ASV2748","SRR2923803",0,"stool","Ringel","NA","NA","1st","Bacteria","Campilobacterota"
"751","ASV3144","SRR2923797",0,"stool","Ringel","NA","NA","1st","Bacteria","Patescibacteria"
"752","ASV3144","SRR2923376",0,"stool","Ringel","NA","NA","1st","Bacteria","Patescibacteria"
"753","ASV3144","SRR2923803",0,"stool","Ringel","NA","NA","1st","Bacteria","Patescibacteria"
"754","ASV3144","SRR2923787",0,"stool","Ringel","NA","NA","1st","Bacteria","Patescibacteria"
"755","ASV3144","SRR2923759",0,"stool","Ringel","NA","NA","1st","Bacteria","Patescibacteria"
"756","ASV3144","SRR2923400",0,"stool","Ringel","NA","NA","1st","Bacteria","Patescibacteria"
"757","ASV3144","SRR2923799",0,"stool","Ringel","NA","NA","1st","Bacteria","Patescibacteria"
"758","ASV3144","SRR2923772",0,"stool","Ringel","NA","NA","1st","Bacteria","Patescibacteria"
"759","ASV3144","SRR2923771",0,"stool","Ringel","NA","NA","1st","Bacteria","Patescibacteria"
"760","ASV3144","SRR2923752",0,"stool","Ringel","NA","NA","1st","Bacteria","Patescibacteria"
"761","ASV3144","SRR2923378",0,"stool","Ringel","NA","NA","1st","Bacteria","Patescibacteria"
"762","ASV3144","SRR2923363",0,"stool","Ringel","NA","NA","1st","Bacteria","Patescibacteria"
"763","ASV3144","SRR2923362",0,"stool","Ringel","NA","NA","1st","Bacteria","Patescibacteria"
"764","ASV3144","SRR2923351",0,"stool","Ringel","NA","NA","1st","Bacteria","Patescibacteria"
"765","ASV3144","SRR2923805",0,"stool","Ringel","NA","NA","1st","Bacteria","Patescibacteria"
"766","ASV3144","SRR2923789",0,"stool","Ringel","NA","NA","1st","Bacteria","Patescibacteria"
"767","ASV3144","SRR2923761",0,"stool","Ringel","NA","NA","1st","Bacteria","Patescibacteria"
"768","ASV3144","SRR2923747",0,"stool","Ringel","NA","NA","1st","Bacteria","Patescibacteria"
"769","ASV3144","SRR2923800",0,"stool","Ringel","NA","NA","1st","Bacteria","Patescibacteria"
"770","ASV3144","SRR2923773",0,"stool","Ringel","NA","NA","1st","Bacteria","Patescibacteria"
"771","ASV3144","SRR2923755",0,"stool","Ringel","NA","NA","1st","Bacteria","Patescibacteria"
"772","ASV3144","SRR2923754",0,"stool","Ringel","NA","NA","1st","Bacteria","Patescibacteria"
"773","ASV3144","SRR2923380",0,"stool","Ringel","NA","NA","1st","Bacteria","Patescibacteria"
"774","ASV3144","SRR2923364",0,"stool","Ringel","NA","NA","1st","Bacteria","Patescibacteria"
"775","ASV3144","SRR2923354",0,"stool","Ringel","NA","NA","1st","Bacteria","Patescibacteria"
"776","ASV3144","SRR2923353",0,"stool","Ringel","NA","NA","1st","Bacteria","Patescibacteria"
"777","ASV3144","SRR2923806",0,"stool","Ringel","NA","NA","1st","Bacteria","Patescibacteria"
"778","ASV3144","SRR2923791",0,"stool","Ringel","NA","NA","1st","Bacteria","Patescibacteria"
"779","ASV3144","SRR2923763",0,"stool","Ringel","NA","NA","1st","Bacteria","Patescibacteria"
"780","ASV3144","SRR2923748",0,"stool","Ringel","NA","NA","1st","Bacteria","Patescibacteria"
"781","ASV3144","SRR2923802",0,"stool","Ringel","NA","NA","1st","Bacteria","Patescibacteria"
"782","ASV3144","SRR2923774",0,"stool","Ringel","NA","NA","1st","Bacteria","Patescibacteria"
"783","ASV3144","SRR2923757",0,"stool","Ringel","NA","NA","1st","Bacteria","Patescibacteria"
"784","ASV3144","SRR2923399",0,"stool","Ringel","NA","NA","1st","Bacteria","Patescibacteria"
"785","ASV3144","SRR2923382",0,"stool","Ringel","NA","NA","1st","Bacteria","Patescibacteria"
"786","ASV3144","SRR2923365",0,"stool","Ringel","NA","NA","1st","Bacteria","Patescibacteria"
"787","ASV3144","SRR2923355",0,"stool","Ringel","NA","NA","1st","Bacteria","Patescibacteria"
"788","ASV3144","SRR2923395",0,"stool","Ringel","NA","NA","1st","Bacteria","Patescibacteria"
"789","ASV3144","SRR2923808",0,"stool","Ringel","NA","NA","1st","Bacteria","Patescibacteria"
"790","ASV3144","SRR2923792",0,"stool","Ringel","NA","NA","1st","Bacteria","Patescibacteria"
"791","ASV3144","SRR2923765",0,"stool","Ringel","NA","NA","1st","Bacteria","Patescibacteria"
"792","ASV3144","SRR2923749",0,"stool","Ringel","NA","NA","1st","Bacteria","Patescibacteria"
"793","ASV3144","SRR2923390",0,"stool","Ringel","NA","NA","1st","Bacteria","Patescibacteria"
"794","ASV3144","SRR2923371",0,"stool","Ringel","NA","NA","1st","Bacteria","Patescibacteria"
"795","ASV3144","SRR2923359",0,"stool","Ringel","NA","NA","1st","Bacteria","Patescibacteria"
"796","ASV3144","SRR2923348",0,"stool","Ringel","NA","NA","1st","Bacteria","Patescibacteria"
"797","ASV3144","SRR2923383",0,"stool","Ringel","NA","NA","1st","Bacteria","Patescibacteria"
"798","ASV3144","SRR2923366",0,"stool","Ringel","NA","NA","1st","Bacteria","Patescibacteria"
"799","ASV3144","SRR2923356",0,"stool","Ringel","NA","NA","1st","Bacteria","Patescibacteria"
"800","ASV3144","SRR2923397",0,"stool","Ringel","NA","NA","1st","Bacteria","Patescibacteria"
"801","ASV3144","SRR2923809",0,"stool","Ringel","NA","NA","1st","Bacteria","Patescibacteria"
"802","ASV3144","SRR2923794",0,"stool","Ringel","NA","NA","1st","Bacteria","Patescibacteria"
"803","ASV3144","SRR2923766",0,"stool","Ringel","NA","NA","1st","Bacteria","Patescibacteria"
"804","ASV3144","SRR2923750",0,"stool","Ringel","NA","NA","1st","Bacteria","Patescibacteria"
"806","ASV3144","SRR2923373",0,"stool","Ringel","NA","NA","1st","Bacteria","Patescibacteria"
"807","ASV3144","SRR2923360",0,"stool","Ringel","NA","NA","1st","Bacteria","Patescibacteria"
"808","ASV3144","SRR2923349",0,"stool","Ringel","NA","NA","1st","Bacteria","Patescibacteria"
"809","ASV3144","SRR2923385",0,"stool","Ringel","NA","NA","1st","Bacteria","Patescibacteria"
"810","ASV3144","SRR2923368",0,"stool","Ringel","NA","NA","1st","Bacteria","Patescibacteria"
"811","ASV3144","SRR2923357",0,"stool","Ringel","NA","NA","1st","Bacteria","Patescibacteria"
"812","ASV3144","SRR2923398",0,"stool","Ringel","NA","NA","1st","Bacteria","Patescibacteria"
"813","ASV3144","SRR2923811",0,"stool","Ringel","NA","NA","1st","Bacteria","Patescibacteria"
"814","ASV3144","SRR2923796",0,"stool","Ringel","NA","NA","1st","Bacteria","Patescibacteria"
"815","ASV3144","SRR2923768",0,"stool","Ringel","NA","NA","1st","Bacteria","Patescibacteria"
"816","ASV3144","SRR2923751",0,"stool","Ringel","NA","NA","1st","Bacteria","Patescibacteria"
"817","ASV3144","SRR2923393",0,"stool","Ringel","NA","NA","1st","Bacteria","Patescibacteria"
"818","ASV3144","SRR2923375",0,"stool","Ringel","NA","NA","1st","Bacteria","Patescibacteria"
"819","ASV3144","SRR2923361",0,"stool","Ringel","NA","NA","1st","Bacteria","Patescibacteria"
"820","ASV3144","SRR2923350",0,"stool","Ringel","NA","NA","1st","Bacteria","Patescibacteria"
"821","ASV3144","SRR2923387",0,"stool","Ringel","NA","NA","1st","Bacteria","Patescibacteria"
"822","ASV3144","SRR2923369",0,"stool","Ringel","NA","NA","1st","Bacteria","Patescibacteria"
"823","ASV3144","SRR2923358",0,"stool","Ringel","NA","NA","1st","Bacteria","Patescibacteria"
"824","ASV3144","SRR2923327",0,"stool","Ringel","NA","NA","1st","Bacteria","Patescibacteria"
"825","ASV3144","SRR2923813",0,"stool","Ringel","NA","NA","1st","Bacteria","Patescibacteria"
"826","ASV868","SRR2923353",0,"stool","Ringel","NA","NA","1st","Bacteria","Cyanobacteria"
"827","ASV868","SRR2923375",0,"stool","Ringel","NA","NA","1st","Bacteria","Cyanobacteria"
"828","ASV868","SRR2923359",0,"stool","Ringel","NA","NA","1st","Bacteria","Cyanobacteria"
"829","ASV868","SRR2923360",0,"stool","Ringel","NA","NA","1st","Bacteria","Cyanobacteria"
"830","ASV868","SRR2923357",0,"stool","Ringel","NA","NA","1st","Bacteria","Cyanobacteria"
"831","ASV868","SRR2923356",0,"stool","Ringel","NA","NA","1st","Bacteria","Cyanobacteria"
"832","ASV868","SRR2923361",0,"stool","Ringel","NA","NA","1st","Bacteria","Cyanobacteria"
"833","ASV868","SRR2923354",0,"stool","Ringel","NA","NA","1st","Bacteria","Cyanobacteria"
"834","ASV868","SRR2923364",0,"stool","Ringel","NA","NA","1st","Bacteria","Cyanobacteria"
"835","ASV868","SRR2923351",0,"stool","Ringel","NA","NA","1st","Bacteria","Cyanobacteria"
"836","ASV868","SRR2923362",0,"stool","Ringel","NA","NA","1st","Bacteria","Cyanobacteria"
"837","ASV868","SRR2923376",0,"stool","Ringel","NA","NA","1st","Bacteria","Cyanobacteria"
"838","ASV868","SRR2923809",0,"stool","Ringel","NA","NA","1st","Bacteria","Cyanobacteria"
"839","ASV868","SRR2923373",0,"stool","Ringel","NA","NA","1st","Bacteria","Cyanobacteria"
"840","ASV868","SRR2923371",0,"stool","Ringel","NA","NA","1st","Bacteria","Cyanobacteria"
"842","ASV868","SRR2923369",0,"stool","Ringel","NA","NA","1st","Bacteria","Cyanobacteria"
"843","ASV868","SRR2923368",0,"stool","Ringel","NA","NA","1st","Bacteria","Cyanobacteria"
"845","ASV868","SRR2923355",0,"stool","Ringel","NA","NA","1st","Bacteria","Cyanobacteria"
"846","ASV868","SRR2923365",0,"stool","Ringel","NA","NA","1st","Bacteria","Cyanobacteria"
"847","ASV868","SRR2923382",0,"stool","Ringel","NA","NA","1st","Bacteria","Cyanobacteria"
"848","ASV868","SRR2923363",0,"stool","Ringel","NA","NA","1st","Bacteria","Cyanobacteria"
"849","ASV868","SRR2923378",0,"stool","Ringel","NA","NA","1st","Bacteria","Cyanobacteria"
"850","ASV868","SRR2923811",0,"stool","Ringel","NA","NA","1st","Bacteria","Cyanobacteria"
"851","ASV868","SRR2923395",0,"stool","Ringel","NA","NA","1st","Bacteria","Cyanobacteria"
"852","ASV868","SRR2923808",0,"stool","Ringel","NA","NA","1st","Bacteria","Cyanobacteria"
"853","ASV868","SRR2923391",0,"stool","Ringel","NA","NA","1st","Bacteria","Cyanobacteria"
"854","ASV868","SRR2923390",0,"stool","Ringel","NA","NA","1st","Bacteria","Cyanobacteria"
"855","ASV868","SRR2923348",0,"stool","Ringel","NA","NA","1st","Bacteria","Cyanobacteria"
"856","ASV868","SRR2923327",0,"stool","Ringel","NA","NA","1st","Bacteria","Cyanobacteria"
"857","ASV868","SRR2923385",0,"stool","Ringel","NA","NA","1st","Bacteria","Cyanobacteria"
"858","ASV868","SRR2923383",0,"stool","Ringel","NA","NA","1st","Bacteria","Cyanobacteria"
"859","ASV868","SRR2923400",0,"stool","Ringel","NA","NA","1st","Bacteria","Cyanobacteria"
"860","ASV868","SRR2923802",0,"stool","Ringel","NA","NA","1st","Bacteria","Cyanobacteria"
"861","ASV868","SRR2923380",0,"stool","Ringel","NA","NA","1st","Bacteria","Cyanobacteria"
"862","ASV868","SRR2923813",0,"stool","Ringel","NA","NA","1st","Bacteria","Cyanobacteria"
"863","ASV868","SRR2923397",0,"stool","Ringel","NA","NA","1st","Bacteria","Cyanobacteria"
"864","ASV868","SRR2923797",0,"stool","Ringel","NA","NA","1st","Bacteria","Cyanobacteria"
"865","ASV868","SRR2923393",0,"stool","Ringel","NA","NA","1st","Bacteria","Cyanobacteria"
"866","ASV868","SRR2923350",0,"stool","Ringel","NA","NA","1st","Bacteria","Cyanobacteria"
"867","ASV868","SRR2923349",0,"stool","Ringel","NA","NA","1st","Bacteria","Cyanobacteria"
"868","ASV868","SRR2923749",0,"stool","Ringel","NA","NA","1st","Bacteria","Cyanobacteria"
"869","ASV868","SRR2923387",0,"stool","Ringel","NA","NA","1st","Bacteria","Cyanobacteria"
"870","ASV868","SRR2923748",0,"stool","Ringel","NA","NA","1st","Bacteria","Cyanobacteria"
"871","ASV868","SRR2923747",0,"stool","Ringel","NA","NA","1st","Bacteria","Cyanobacteria"
"872","ASV868","SRR2923803",0,"stool","Ringel","NA","NA","1st","Bacteria","Cyanobacteria"
"873","ASV868","SRR2923759",0,"stool","Ringel","NA","NA","1st","Bacteria","Cyanobacteria"
"874","ASV868","SRR2923399",0,"stool","Ringel","NA","NA","1st","Bacteria","Cyanobacteria"
"875","ASV868","SRR2923398",0,"stool","Ringel","NA","NA","1st","Bacteria","Cyanobacteria"
"876","ASV868","SRR2923799",0,"stool","Ringel","NA","NA","1st","Bacteria","Cyanobacteria"
"877","ASV868","SRR2923754",0,"stool","Ringel","NA","NA","1st","Bacteria","Cyanobacteria"
"878","ASV868","SRR2923752",0,"stool","Ringel","NA","NA","1st","Bacteria","Cyanobacteria"
"879","ASV868","SRR2923751",0,"stool","Ringel","NA","NA","1st","Bacteria","Cyanobacteria"
"880","ASV868","SRR2923750",0,"stool","Ringel","NA","NA","1st","Bacteria","Cyanobacteria"
"881","ASV868","SRR2923792",0,"stool","Ringel","NA","NA","1st","Bacteria","Cyanobacteria"
"882","ASV868","SRR2923765",0,"stool","Ringel","NA","NA","1st","Bacteria","Cyanobacteria"
"884","ASV868","SRR2923805",0,"stool","Ringel","NA","NA","1st","Bacteria","Cyanobacteria"
"885","ASV868","SRR2923761",0,"stool","Ringel","NA","NA","1st","Bacteria","Cyanobacteria"
"886","ASV868","SRR2923789",0,"stool","Ringel","NA","NA","1st","Bacteria","Cyanobacteria"
"887","ASV868","SRR2923787",0,"stool","Ringel","NA","NA","1st","Bacteria","Cyanobacteria"
"888","ASV868","SRR2923800",0,"stool","Ringel","NA","NA","1st","Bacteria","Cyanobacteria"
"889","ASV868","SRR2923755",0,"stool","Ringel","NA","NA","1st","Bacteria","Cyanobacteria"
"890","ASV868","SRR2923773",0,"stool","Ringel","NA","NA","1st","Bacteria","Cyanobacteria"
"891","ASV868","SRR2923772",0,"stool","Ringel","NA","NA","1st","Bacteria","Cyanobacteria"
"892","ASV868","SRR2923796",0,"stool","Ringel","NA","NA","1st","Bacteria","Cyanobacteria"
"893","ASV868","SRR2923794",0,"stool","Ringel","NA","NA","1st","Bacteria","Cyanobacteria"
"894","ASV868","SRR2923766",0,"stool","Ringel","NA","NA","1st","Bacteria","Cyanobacteria"
"895","ASV868","SRR2923763",0,"stool","Ringel","NA","NA","1st","Bacteria","Cyanobacteria"
"896","ASV868","SRR2923791",0,"stool","Ringel","NA","NA","1st","Bacteria","Cyanobacteria"
"897","ASV868","SRR2923757",0,"stool","Ringel","NA","NA","1st","Bacteria","Cyanobacteria"
"898","ASV868","SRR2923774",0,"stool","Ringel","NA","NA","1st","Bacteria","Cyanobacteria"
"899","ASV868","SRR2923771",0,"stool","Ringel","NA","NA","1st","Bacteria","Cyanobacteria"
"900","ASV868","SRR2923768",0,"stool","Ringel","NA","NA","1st","Bacteria","Cyanobacteria"
